[
  {
    "name": "FeatureExtractor_MobilenetV2_Conv_Conv2D_Fold",
    "operation": "conv",
    "activation_type": "Relu6",
    "input_log2scale": 7,
    "weight_log2scale": 4,
    "bias_log2scale": 4,
    "output_log2scale": 4,
    "output_shift": 7,
    "bias_shift": 7,
    "load_bias": true,
    "input_channel_num": 3,
    "output_channel_num": 16,
    "input_size": {
      "height": 160,
      "width": 160
    },
    "padding": {
      "top": 0,
      "bottom": 1,
      "left": 0,
      "right": 1
    },
    "stride": {
      "height": 2,
      "width": 2
    },
    "kernel_size": {
      "height": 3,
      "width": 3
    },
    "output_size": {
      "height": 80,
      "width": 80
    },
    "input_dtype": "int8",
    "output_dtype": "int8",
    "weight_dtype": "int8",
    "bias_dtype": "int8",
    "prev_layer": [
      "input"
    ],
    "next_layer": [
      "FeatureExtractor_MobilenetV2_expanded_conv_depthwise_depthwise_Fold",
      "FeatureExtractor_MobilenetV2_expanded_conv_add"
    ]
  },
  {
    "name": "FeatureExtractor_MobilenetV2_expanded_conv_depthwise_depthwise_Fold",
    "operation": "dwconv",
    "activation_type": "Relu6",
    "input_log2scale": 4,
    "weight_log2scale": 4,
    "bias_log2scale": 4,
    "output_log2scale": 4,
    "output_shift": 4,
    "bias_shift": 4,
    "load_bias": true,
    "input_channel_num": 16,
    "output_channel_num": 16,
    "input_size": {
      "height": 80,
      "width": 80
    },
    "padding": {
      "top": 1,
      "bottom": 1,
      "left": 1,
      "right": 1
    },
    "stride": {
      "height": 1,
      "width": 1
    },
    "kernel_size": {
      "height": 3,
      "width": 3
    },
    "output_size": {
      "height": 80,
      "width": 80
    },
    "input_dtype": "int8",
    "output_dtype": "int8",
    "weight_dtype": "int8",
    "bias_dtype": "int8",
    "prev_layer": [
      "FeatureExtractor_MobilenetV2_Conv_Conv2D_Fold"
    ],
    "next_layer": [
      "FeatureExtractor_MobilenetV2_expanded_conv_project_Conv2D_Fold"
    ]
  },
  {
    "name": "FeatureExtractor_MobilenetV2_expanded_conv_project_Conv2D_Fold",
    "operation": "conv",
    "activation_type": "None",
    "input_log2scale": 4,
    "weight_log2scale": 7,
    "bias_log2scale": 5,
    "output_log2scale": 4,
    "output_shift": 7,
    "bias_shift": 6,
    "load_bias": true,
    "input_channel_num": 16,
    "output_channel_num": 16,
    "input_size": {
      "height": 80,
      "width": 80
    },
    "padding": {
      "top": 0,
      "bottom": 0,
      "left": 0,
      "right": 0
    },
    "stride": {
      "height": 1,
      "width": 1
    },
    "kernel_size": {
      "height": 1,
      "width": 1
    },
    "output_size": {
      "height": 80,
      "width": 80
    },
    "input_dtype": "int8",
    "output_dtype": "int8",
    "weight_dtype": "int8",
    "bias_dtype": "int8",
    "prev_layer": [
      "FeatureExtractor_MobilenetV2_expanded_conv_depthwise_depthwise_Fold"
    ],
    "next_layer": [
      "FeatureExtractor_MobilenetV2_expanded_conv_add"
    ]
  },
  {
    "name": "FeatureExtractor_MobilenetV2_expanded_conv_add",
    "operation": "add",
    "activation_type": "None",
    "size": 102400,
    "input_channel_num": 16,
    "input_size": {
      "height": 80,
      "width": 80
    },
    "dtype": "int8",
    "pl_log2scale": 4,
    "add_log2scale": 4,
    "output_log2scale": 3,
    "output_shift_bit": -1,
    "pl_name": "FeatureExtractor_MobilenetV2_expanded_conv_project_Conv2D_Fold",
    "add_name": "FeatureExtractor_MobilenetV2_Conv_Conv2D_Fold",
    "prev_layer": [
      "FeatureExtractor_MobilenetV2_Conv_Conv2D_Fold",
      "FeatureExtractor_MobilenetV2_expanded_conv_project_Conv2D_Fold"
    ],
    "next_layer": [
      "FeatureExtractor_MobilenetV2_expanded_conv_1_expand_Conv2D_Fold"
    ]
  },
  {
    "name": "FeatureExtractor_MobilenetV2_expanded_conv_1_expand_Conv2D_Fold",
    "operation": "conv",
    "activation_type": "Relu6",
    "input_log2scale": 3,
    "weight_log2scale": 7,
    "bias_log2scale": 4,
    "output_log2scale": 4,
    "output_shift": 6,
    "bias_shift": 6,
    "load_bias": true,
    "input_channel_num": 16,
    "output_channel_num": 96,
    "input_size": {
      "height": 80,
      "width": 80
    },
    "padding": {
      "top": 0,
      "bottom": 0,
      "left": 0,
      "right": 0
    },
    "stride": {
      "height": 1,
      "width": 1
    },
    "kernel_size": {
      "height": 1,
      "width": 1
    },
    "output_size": {
      "height": 80,
      "width": 80
    },
    "input_dtype": "int8",
    "output_dtype": "int8",
    "weight_dtype": "int8",
    "bias_dtype": "int8",
    "prev_layer": [
      "FeatureExtractor_MobilenetV2_expanded_conv_add"
    ],
    "next_layer": [
      "FeatureExtractor_MobilenetV2_expanded_conv_1_depthwise_depthwise_Fold"
    ]
  },
  {
    "name": "FeatureExtractor_MobilenetV2_expanded_conv_1_depthwise_depthwise_Fold",
    "operation": "dwconv",
    "activation_type": "Relu6",
    "input_log2scale": 4,
    "weight_log2scale": 4,
    "bias_log2scale": 4,
    "output_log2scale": 4,
    "output_shift": 4,
    "bias_shift": 4,
    "load_bias": true,
    "input_channel_num": 96,
    "output_channel_num": 96,
    "input_size": {
      "height": 80,
      "width": 80
    },
    "padding": {
      "top": 0,
      "bottom": 1,
      "left": 0,
      "right": 1
    },
    "stride": {
      "height": 2,
      "width": 2
    },
    "kernel_size": {
      "height": 3,
      "width": 3
    },
    "output_size": {
      "height": 40,
      "width": 40
    },
    "input_dtype": "int8",
    "output_dtype": "int8",
    "weight_dtype": "int8",
    "bias_dtype": "int8",
    "prev_layer": [
      "FeatureExtractor_MobilenetV2_expanded_conv_1_expand_Conv2D_Fold"
    ],
    "next_layer": [
      "FeatureExtractor_MobilenetV2_expanded_conv_1_project_Conv2D_Fold"
    ]
  },
  {
    "name": "FeatureExtractor_MobilenetV2_expanded_conv_1_project_Conv2D_Fold",
    "operation": "conv",
    "activation_type": "None",
    "input_log2scale": 4,
    "weight_log2scale": 6,
    "bias_log2scale": 4,
    "output_log2scale": 2,
    "output_shift": 8,
    "bias_shift": 6,
    "load_bias": true,
    "input_channel_num": 96,
    "output_channel_num": 16,
    "input_size": {
      "height": 40,
      "width": 40
    },
    "padding": {
      "top": 0,
      "bottom": 0,
      "left": 0,
      "right": 0
    },
    "stride": {
      "height": 1,
      "width": 1
    },
    "kernel_size": {
      "height": 1,
      "width": 1
    },
    "output_size": {
      "height": 40,
      "width": 40
    },
    "input_dtype": "int8",
    "output_dtype": "int8",
    "weight_dtype": "int8",
    "bias_dtype": "int8",
    "prev_layer": [
      "FeatureExtractor_MobilenetV2_expanded_conv_1_depthwise_depthwise_Fold"
    ],
    "next_layer": [
      "FeatureExtractor_MobilenetV2_expanded_conv_2_expand_Conv2D_Fold",
      "FeatureExtractor_MobilenetV2_expanded_conv_2_add"
    ]
  },
  {
    "name": "FeatureExtractor_MobilenetV2_expanded_conv_2_expand_Conv2D_Fold",
    "operation": "conv",
    "activation_type": "Relu6",
    "input_log2scale": 2,
    "weight_log2scale": 8,
    "bias_log2scale": 5,
    "output_log2scale": 4,
    "output_shift": 6,
    "bias_shift": 5,
    "load_bias": true,
    "input_channel_num": 16,
    "output_channel_num": 96,
    "input_size": {
      "height": 40,
      "width": 40
    },
    "padding": {
      "top": 0,
      "bottom": 0,
      "left": 0,
      "right": 0
    },
    "stride": {
      "height": 1,
      "width": 1
    },
    "kernel_size": {
      "height": 1,
      "width": 1
    },
    "output_size": {
      "height": 40,
      "width": 40
    },
    "input_dtype": "int8",
    "output_dtype": "int8",
    "weight_dtype": "int8",
    "bias_dtype": "int8",
    "prev_layer": [
      "FeatureExtractor_MobilenetV2_expanded_conv_1_project_Conv2D_Fold"
    ],
    "next_layer": [
      "FeatureExtractor_MobilenetV2_expanded_conv_2_depthwise_depthwise_Fold"
    ]
  },
  {
    "name": "FeatureExtractor_MobilenetV2_expanded_conv_2_depthwise_depthwise_Fold",
    "operation": "dwconv",
    "activation_type": "Relu6",
    "input_log2scale": 4,
    "weight_log2scale": 4,
    "bias_log2scale": 4,
    "output_log2scale": 4,
    "output_shift": 4,
    "bias_shift": 4,
    "load_bias": true,
    "input_channel_num": 96,
    "output_channel_num": 96,
    "input_size": {
      "height": 40,
      "width": 40
    },
    "padding": {
      "top": 1,
      "bottom": 1,
      "left": 1,
      "right": 1
    },
    "stride": {
      "height": 1,
      "width": 1
    },
    "kernel_size": {
      "height": 3,
      "width": 3
    },
    "output_size": {
      "height": 40,
      "width": 40
    },
    "input_dtype": "int8",
    "output_dtype": "int8",
    "weight_dtype": "int8",
    "bias_dtype": "int8",
    "prev_layer": [
      "FeatureExtractor_MobilenetV2_expanded_conv_2_expand_Conv2D_Fold"
    ],
    "next_layer": [
      "FeatureExtractor_MobilenetV2_expanded_conv_2_project_Conv2D_Fold"
    ]
  },
  {
    "name": "FeatureExtractor_MobilenetV2_expanded_conv_2_project_Conv2D_Fold",
    "operation": "conv",
    "activation_type": "None",
    "input_log2scale": 4,
    "weight_log2scale": 6,
    "bias_log2scale": 4,
    "output_log2scale": 2,
    "output_shift": 8,
    "bias_shift": 6,
    "load_bias": true,
    "input_channel_num": 96,
    "output_channel_num": 16,
    "input_size": {
      "height": 40,
      "width": 40
    },
    "padding": {
      "top": 0,
      "bottom": 0,
      "left": 0,
      "right": 0
    },
    "stride": {
      "height": 1,
      "width": 1
    },
    "kernel_size": {
      "height": 1,
      "width": 1
    },
    "output_size": {
      "height": 40,
      "width": 40
    },
    "input_dtype": "int8",
    "output_dtype": "int8",
    "weight_dtype": "int8",
    "bias_dtype": "int8",
    "prev_layer": [
      "FeatureExtractor_MobilenetV2_expanded_conv_2_depthwise_depthwise_Fold"
    ],
    "next_layer": [
      "FeatureExtractor_MobilenetV2_expanded_conv_2_add"
    ]
  },
  {
    "name": "FeatureExtractor_MobilenetV2_expanded_conv_2_add",
    "operation": "add",
    "activation_type": "None",
    "size": 25600,
    "input_channel_num": 16,
    "input_size": {
      "height": 40,
      "width": 40
    },
    "dtype": "int8",
    "pl_log2scale": 2,
    "add_log2scale": 2,
    "output_log2scale": 1,
    "output_shift_bit": -1,
    "pl_name": "FeatureExtractor_MobilenetV2_expanded_conv_2_project_Conv2D_Fold",
    "add_name": "FeatureExtractor_MobilenetV2_expanded_conv_1_project_Conv2D_Fold",
    "prev_layer": [
      "FeatureExtractor_MobilenetV2_expanded_conv_1_project_Conv2D_Fold",
      "FeatureExtractor_MobilenetV2_expanded_conv_2_project_Conv2D_Fold"
    ],
    "next_layer": [
      "FeatureExtractor_MobilenetV2_expanded_conv_3_expand_Conv2D_Fold"
    ]
  },
  {
    "name": "FeatureExtractor_MobilenetV2_expanded_conv_3_expand_Conv2D_Fold",
    "operation": "conv",
    "activation_type": "Relu6",
    "input_log2scale": 1,
    "weight_log2scale": 8,
    "bias_log2scale": 5,
    "output_log2scale": 4,
    "output_shift": 5,
    "bias_shift": 4,
    "load_bias": true,
    "input_channel_num": 16,
    "output_channel_num": 96,
    "input_size": {
      "height": 40,
      "width": 40
    },
    "padding": {
      "top": 0,
      "bottom": 0,
      "left": 0,
      "right": 0
    },
    "stride": {
      "height": 1,
      "width": 1
    },
    "kernel_size": {
      "height": 1,
      "width": 1
    },
    "output_size": {
      "height": 40,
      "width": 40
    },
    "input_dtype": "int8",
    "output_dtype": "int8",
    "weight_dtype": "int8",
    "bias_dtype": "int8",
    "prev_layer": [
      "FeatureExtractor_MobilenetV2_expanded_conv_2_add"
    ],
    "next_layer": [
      "FeatureExtractor_MobilenetV2_expanded_conv_3_depthwise_depthwise_Fold"
    ]
  },
  {
    "name": "FeatureExtractor_MobilenetV2_expanded_conv_3_depthwise_depthwise_Fold",
    "operation": "dwconv",
    "activation_type": "Relu6",
    "input_log2scale": 4,
    "weight_log2scale": 4,
    "bias_log2scale": 4,
    "output_log2scale": 4,
    "output_shift": 4,
    "bias_shift": 4,
    "load_bias": true,
    "input_channel_num": 96,
    "output_channel_num": 96,
    "input_size": {
      "height": 40,
      "width": 40
    },
    "padding": {
      "top": 0,
      "bottom": 1,
      "left": 0,
      "right": 1
    },
    "stride": {
      "height": 2,
      "width": 2
    },
    "kernel_size": {
      "height": 3,
      "width": 3
    },
    "output_size": {
      "height": 20,
      "width": 20
    },
    "input_dtype": "int8",
    "output_dtype": "int8",
    "weight_dtype": "int8",
    "bias_dtype": "int8",
    "prev_layer": [
      "FeatureExtractor_MobilenetV2_expanded_conv_3_expand_Conv2D_Fold"
    ],
    "next_layer": [
      "FeatureExtractor_MobilenetV2_expanded_conv_3_project_Conv2D_Fold"
    ]
  },
  {
    "name": "FeatureExtractor_MobilenetV2_expanded_conv_3_project_Conv2D_Fold",
    "operation": "conv",
    "activation_type": "None",
    "input_log2scale": 4,
    "weight_log2scale": 7,
    "bias_log2scale": 4,
    "output_log2scale": 2,
    "output_shift": 9,
    "bias_shift": 7,
    "load_bias": true,
    "input_channel_num": 96,
    "output_channel_num": 16,
    "input_size": {
      "height": 20,
      "width": 20
    },
    "padding": {
      "top": 0,
      "bottom": 0,
      "left": 0,
      "right": 0
    },
    "stride": {
      "height": 1,
      "width": 1
    },
    "kernel_size": {
      "height": 1,
      "width": 1
    },
    "output_size": {
      "height": 20,
      "width": 20
    },
    "input_dtype": "int8",
    "output_dtype": "int8",
    "weight_dtype": "int8",
    "bias_dtype": "int8",
    "prev_layer": [
      "FeatureExtractor_MobilenetV2_expanded_conv_3_depthwise_depthwise_Fold"
    ],
    "next_layer": [
      "FeatureExtractor_MobilenetV2_expanded_conv_4_expand_Conv2D_Fold",
      "FeatureExtractor_MobilenetV2_expanded_conv_4_add"
    ]
  },
  {
    "name": "FeatureExtractor_MobilenetV2_expanded_conv_4_expand_Conv2D_Fold",
    "operation": "conv",
    "activation_type": "Relu6",
    "input_log2scale": 2,
    "weight_log2scale": 8,
    "bias_log2scale": 5,
    "output_log2scale": 4,
    "output_shift": 6,
    "bias_shift": 5,
    "load_bias": true,
    "input_channel_num": 16,
    "output_channel_num": 96,
    "input_size": {
      "height": 20,
      "width": 20
    },
    "padding": {
      "top": 0,
      "bottom": 0,
      "left": 0,
      "right": 0
    },
    "stride": {
      "height": 1,
      "width": 1
    },
    "kernel_size": {
      "height": 1,
      "width": 1
    },
    "output_size": {
      "height": 20,
      "width": 20
    },
    "input_dtype": "int8",
    "output_dtype": "int8",
    "weight_dtype": "int8",
    "bias_dtype": "int8",
    "prev_layer": [
      "FeatureExtractor_MobilenetV2_expanded_conv_3_project_Conv2D_Fold"
    ],
    "next_layer": [
      "FeatureExtractor_MobilenetV2_expanded_conv_4_depthwise_depthwise_Fold"
    ]
  },
  {
    "name": "FeatureExtractor_MobilenetV2_expanded_conv_4_depthwise_depthwise_Fold",
    "operation": "dwconv",
    "activation_type": "Relu6",
    "input_log2scale": 4,
    "weight_log2scale": 4,
    "bias_log2scale": 4,
    "output_log2scale": 4,
    "output_shift": 4,
    "bias_shift": 4,
    "load_bias": true,
    "input_channel_num": 96,
    "output_channel_num": 96,
    "input_size": {
      "height": 20,
      "width": 20
    },
    "padding": {
      "top": 1,
      "bottom": 1,
      "left": 1,
      "right": 1
    },
    "stride": {
      "height": 1,
      "width": 1
    },
    "kernel_size": {
      "height": 3,
      "width": 3
    },
    "output_size": {
      "height": 20,
      "width": 20
    },
    "input_dtype": "int8",
    "output_dtype": "int8",
    "weight_dtype": "int8",
    "bias_dtype": "int8",
    "prev_layer": [
      "FeatureExtractor_MobilenetV2_expanded_conv_4_expand_Conv2D_Fold"
    ],
    "next_layer": [
      "FeatureExtractor_MobilenetV2_expanded_conv_4_project_Conv2D_Fold"
    ]
  },
  {
    "name": "FeatureExtractor_MobilenetV2_expanded_conv_4_project_Conv2D_Fold",
    "operation": "conv",
    "activation_type": "None",
    "input_log2scale": 4,
    "weight_log2scale": 6,
    "bias_log2scale": 4,
    "output_log2scale": 2,
    "output_shift": 8,
    "bias_shift": 6,
    "load_bias": true,
    "input_channel_num": 96,
    "output_channel_num": 16,
    "input_size": {
      "height": 20,
      "width": 20
    },
    "padding": {
      "top": 0,
      "bottom": 0,
      "left": 0,
      "right": 0
    },
    "stride": {
      "height": 1,
      "width": 1
    },
    "kernel_size": {
      "height": 1,
      "width": 1
    },
    "output_size": {
      "height": 20,
      "width": 20
    },
    "input_dtype": "int8",
    "output_dtype": "int8",
    "weight_dtype": "int8",
    "bias_dtype": "int8",
    "prev_layer": [
      "FeatureExtractor_MobilenetV2_expanded_conv_4_depthwise_depthwise_Fold"
    ],
    "next_layer": [
      "FeatureExtractor_MobilenetV2_expanded_conv_4_add"
    ]
  },
  {
    "name": "FeatureExtractor_MobilenetV2_expanded_conv_4_add",
    "operation": "add",
    "activation_type": "None",
    "size": 6400,
    "input_channel_num": 16,
    "input_size": {
      "height": 20,
      "width": 20
    },
    "dtype": "int8",
    "pl_log2scale": 2,
    "add_log2scale": 2,
    "output_log2scale": 2,
    "output_shift_bit": 0,
    "pl_name": "FeatureExtractor_MobilenetV2_expanded_conv_4_project_Conv2D_Fold",
    "add_name": "FeatureExtractor_MobilenetV2_expanded_conv_3_project_Conv2D_Fold",
    "prev_layer": [
      "FeatureExtractor_MobilenetV2_expanded_conv_3_project_Conv2D_Fold",
      "FeatureExtractor_MobilenetV2_expanded_conv_4_project_Conv2D_Fold"
    ],
    "next_layer": [
      "FeatureExtractor_MobilenetV2_expanded_conv_5_expand_Conv2D_Fold",
      "FeatureExtractor_MobilenetV2_expanded_conv_5_add"
    ]
  },
  {
    "name": "FeatureExtractor_MobilenetV2_expanded_conv_5_expand_Conv2D_Fold",
    "operation": "conv",
    "activation_type": "Relu6",
    "input_log2scale": 2,
    "weight_log2scale": 9,
    "bias_log2scale": 6,
    "output_log2scale": 4,
    "output_shift": 7,
    "bias_shift": 5,
    "load_bias": true,
    "input_channel_num": 16,
    "output_channel_num": 96,
    "input_size": {
      "height": 20,
      "width": 20
    },
    "padding": {
      "top": 0,
      "bottom": 0,
      "left": 0,
      "right": 0
    },
    "stride": {
      "height": 1,
      "width": 1
    },
    "kernel_size": {
      "height": 1,
      "width": 1
    },
    "output_size": {
      "height": 20,
      "width": 20
    },
    "input_dtype": "int8",
    "output_dtype": "int8",
    "weight_dtype": "int8",
    "bias_dtype": "int8",
    "prev_layer": [
      "FeatureExtractor_MobilenetV2_expanded_conv_4_add"
    ],
    "next_layer": [
      "FeatureExtractor_MobilenetV2_expanded_conv_5_depthwise_depthwise_Fold"
    ]
  },
  {
    "name": "FeatureExtractor_MobilenetV2_expanded_conv_5_depthwise_depthwise_Fold",
    "operation": "dwconv",
    "activation_type": "Relu6",
    "input_log2scale": 4,
    "weight_log2scale": 4,
    "bias_log2scale": 4,
    "output_log2scale": 4,
    "output_shift": 4,
    "bias_shift": 4,
    "load_bias": true,
    "input_channel_num": 96,
    "output_channel_num": 96,
    "input_size": {
      "height": 20,
      "width": 20
    },
    "padding": {
      "top": 1,
      "bottom": 1,
      "left": 1,
      "right": 1
    },
    "stride": {
      "height": 1,
      "width": 1
    },
    "kernel_size": {
      "height": 3,
      "width": 3
    },
    "output_size": {
      "height": 20,
      "width": 20
    },
    "input_dtype": "int8",
    "output_dtype": "int8",
    "weight_dtype": "int8",
    "bias_dtype": "int8",
    "prev_layer": [
      "FeatureExtractor_MobilenetV2_expanded_conv_5_expand_Conv2D_Fold"
    ],
    "next_layer": [
      "FeatureExtractor_MobilenetV2_expanded_conv_5_project_Conv2D_Fold"
    ]
  },
  {
    "name": "FeatureExtractor_MobilenetV2_expanded_conv_5_project_Conv2D_Fold",
    "operation": "conv",
    "activation_type": "None",
    "input_log2scale": 4,
    "weight_log2scale": 6,
    "bias_log2scale": 4,
    "output_log2scale": 2,
    "output_shift": 8,
    "bias_shift": 6,
    "load_bias": true,
    "input_channel_num": 96,
    "output_channel_num": 16,
    "input_size": {
      "height": 20,
      "width": 20
    },
    "padding": {
      "top": 0,
      "bottom": 0,
      "left": 0,
      "right": 0
    },
    "stride": {
      "height": 1,
      "width": 1
    },
    "kernel_size": {
      "height": 1,
      "width": 1
    },
    "output_size": {
      "height": 20,
      "width": 20
    },
    "input_dtype": "int8",
    "output_dtype": "int8",
    "weight_dtype": "int8",
    "bias_dtype": "int8",
    "prev_layer": [
      "FeatureExtractor_MobilenetV2_expanded_conv_5_depthwise_depthwise_Fold"
    ],
    "next_layer": [
      "FeatureExtractor_MobilenetV2_expanded_conv_5_add"
    ]
  },
  {
    "name": "FeatureExtractor_MobilenetV2_expanded_conv_5_add",
    "operation": "add",
    "activation_type": "None",
    "size": 6400,
    "input_channel_num": 16,
    "input_size": {
      "height": 20,
      "width": 20
    },
    "dtype": "int8",
    "pl_log2scale": 2,
    "add_log2scale": 2,
    "output_log2scale": 1,
    "output_shift_bit": -1,
    "pl_name": "FeatureExtractor_MobilenetV2_expanded_conv_5_project_Conv2D_Fold",
    "add_name": "FeatureExtractor_MobilenetV2_expanded_conv_4_add",
    "prev_layer": [
      "FeatureExtractor_MobilenetV2_expanded_conv_4_add",
      "FeatureExtractor_MobilenetV2_expanded_conv_5_project_Conv2D_Fold"
    ],
    "next_layer": [
      "FeatureExtractor_MobilenetV2_expanded_conv_6_expand_Conv2D_Fold"
    ]
  },
  {
    "name": "FeatureExtractor_MobilenetV2_expanded_conv_6_expand_Conv2D_Fold",
    "operation": "conv",
    "activation_type": "Relu6",
    "input_log2scale": 1,
    "weight_log2scale": 9,
    "bias_log2scale": 5,
    "output_log2scale": 4,
    "output_shift": 6,
    "bias_shift": 5,
    "load_bias": true,
    "input_channel_num": 16,
    "output_channel_num": 96,
    "input_size": {
      "height": 20,
      "width": 20
    },
    "padding": {
      "top": 0,
      "bottom": 0,
      "left": 0,
      "right": 0
    },
    "stride": {
      "height": 1,
      "width": 1
    },
    "kernel_size": {
      "height": 1,
      "width": 1
    },
    "output_size": {
      "height": 20,
      "width": 20
    },
    "input_dtype": "int8",
    "output_dtype": "int8",
    "weight_dtype": "int8",
    "bias_dtype": "int8",
    "prev_layer": [
      "FeatureExtractor_MobilenetV2_expanded_conv_5_add"
    ],
    "next_layer": [
      "FeatureExtractor_MobilenetV2_expanded_conv_6_depthwise_depthwise_Fold"
    ]
  },
  {
    "name": "FeatureExtractor_MobilenetV2_expanded_conv_6_depthwise_depthwise_Fold",
    "operation": "dwconv",
    "activation_type": "Relu6",
    "input_log2scale": 4,
    "weight_log2scale": 4,
    "bias_log2scale": 4,
    "output_log2scale": 4,
    "output_shift": 4,
    "bias_shift": 4,
    "load_bias": true,
    "input_channel_num": 96,
    "output_channel_num": 96,
    "input_size": {
      "height": 20,
      "width": 20
    },
    "padding": {
      "top": 0,
      "bottom": 1,
      "left": 0,
      "right": 1
    },
    "stride": {
      "height": 2,
      "width": 2
    },
    "kernel_size": {
      "height": 3,
      "width": 3
    },
    "output_size": {
      "height": 10,
      "width": 10
    },
    "input_dtype": "int8",
    "output_dtype": "int8",
    "weight_dtype": "int8",
    "bias_dtype": "int8",
    "prev_layer": [
      "FeatureExtractor_MobilenetV2_expanded_conv_6_expand_Conv2D_Fold"
    ],
    "next_layer": [
      "FeatureExtractor_MobilenetV2_expanded_conv_6_project_Conv2D_Fold"
    ]
  },
  {
    "name": "FeatureExtractor_MobilenetV2_expanded_conv_6_project_Conv2D_Fold",
    "operation": "conv",
    "activation_type": "None",
    "input_log2scale": 4,
    "weight_log2scale": 7,
    "bias_log2scale": 5,
    "output_log2scale": 1,
    "output_shift": 10,
    "bias_shift": 6,
    "load_bias": true,
    "input_channel_num": 96,
    "output_channel_num": 16,
    "input_size": {
      "height": 10,
      "width": 10
    },
    "padding": {
      "top": 0,
      "bottom": 0,
      "left": 0,
      "right": 0
    },
    "stride": {
      "height": 1,
      "width": 1
    },
    "kernel_size": {
      "height": 1,
      "width": 1
    },
    "output_size": {
      "height": 10,
      "width": 10
    },
    "input_dtype": "int8",
    "output_dtype": "int8",
    "weight_dtype": "int8",
    "bias_dtype": "int8",
    "prev_layer": [
      "FeatureExtractor_MobilenetV2_expanded_conv_6_depthwise_depthwise_Fold"
    ],
    "next_layer": [
      "FeatureExtractor_MobilenetV2_expanded_conv_7_expand_Conv2D_Fold",
      "FeatureExtractor_MobilenetV2_expanded_conv_7_add"
    ]
  },
  {
    "name": "FeatureExtractor_MobilenetV2_expanded_conv_7_expand_Conv2D_Fold",
    "operation": "conv",
    "activation_type": "Relu6",
    "input_log2scale": 1,
    "weight_log2scale": 9,
    "bias_log2scale": 6,
    "output_log2scale": 4,
    "output_shift": 6,
    "bias_shift": 4,
    "load_bias": true,
    "input_channel_num": 16,
    "output_channel_num": 96,
    "input_size": {
      "height": 10,
      "width": 10
    },
    "padding": {
      "top": 0,
      "bottom": 0,
      "left": 0,
      "right": 0
    },
    "stride": {
      "height": 1,
      "width": 1
    },
    "kernel_size": {
      "height": 1,
      "width": 1
    },
    "output_size": {
      "height": 10,
      "width": 10
    },
    "input_dtype": "int8",
    "output_dtype": "int8",
    "weight_dtype": "int8",
    "bias_dtype": "int8",
    "prev_layer": [
      "FeatureExtractor_MobilenetV2_expanded_conv_6_project_Conv2D_Fold"
    ],
    "next_layer": [
      "FeatureExtractor_MobilenetV2_expanded_conv_7_depthwise_depthwise_Fold"
    ]
  },
  {
    "name": "FeatureExtractor_MobilenetV2_expanded_conv_7_depthwise_depthwise_Fold",
    "operation": "dwconv",
    "activation_type": "Relu6",
    "input_log2scale": 4,
    "weight_log2scale": 5,
    "bias_log2scale": 5,
    "output_log2scale": 4,
    "output_shift": 5,
    "bias_shift": 4,
    "load_bias": true,
    "input_channel_num": 96,
    "output_channel_num": 96,
    "input_size": {
      "height": 10,
      "width": 10
    },
    "padding": {
      "top": 1,
      "bottom": 1,
      "left": 1,
      "right": 1
    },
    "stride": {
      "height": 1,
      "width": 1
    },
    "kernel_size": {
      "height": 3,
      "width": 3
    },
    "output_size": {
      "height": 10,
      "width": 10
    },
    "input_dtype": "int8",
    "output_dtype": "int8",
    "weight_dtype": "int8",
    "bias_dtype": "int8",
    "prev_layer": [
      "FeatureExtractor_MobilenetV2_expanded_conv_7_expand_Conv2D_Fold"
    ],
    "next_layer": [
      "FeatureExtractor_MobilenetV2_expanded_conv_7_project_Conv2D_Fold"
    ]
  },
  {
    "name": "FeatureExtractor_MobilenetV2_expanded_conv_7_project_Conv2D_Fold",
    "operation": "conv",
    "activation_type": "None",
    "input_log2scale": 4,
    "weight_log2scale": 7,
    "bias_log2scale": 5,
    "output_log2scale": 3,
    "output_shift": 8,
    "bias_shift": 6,
    "load_bias": true,
    "input_channel_num": 96,
    "output_channel_num": 16,
    "input_size": {
      "height": 10,
      "width": 10
    },
    "padding": {
      "top": 0,
      "bottom": 0,
      "left": 0,
      "right": 0
    },
    "stride": {
      "height": 1,
      "width": 1
    },
    "kernel_size": {
      "height": 1,
      "width": 1
    },
    "output_size": {
      "height": 10,
      "width": 10
    },
    "input_dtype": "int8",
    "output_dtype": "int8",
    "weight_dtype": "int8",
    "bias_dtype": "int8",
    "prev_layer": [
      "FeatureExtractor_MobilenetV2_expanded_conv_7_depthwise_depthwise_Fold"
    ],
    "next_layer": [
      "FeatureExtractor_MobilenetV2_expanded_conv_7_add"
    ]
  },
  {
    "name": "FeatureExtractor_MobilenetV2_expanded_conv_7_add",
    "operation": "add",
    "activation_type": "None",
    "size": 1600,
    "input_channel_num": 16,
    "input_size": {
      "height": 10,
      "width": 10
    },
    "dtype": "int8",
    "pl_log2scale": 3,
    "add_log2scale": 1,
    "output_log2scale": 1,
    "output_shift_bit": 0,
    "pl_name": "FeatureExtractor_MobilenetV2_expanded_conv_7_project_Conv2D_Fold",
    "add_name": "FeatureExtractor_MobilenetV2_expanded_conv_6_project_Conv2D_Fold",
    "prev_layer": [
      "FeatureExtractor_MobilenetV2_expanded_conv_6_project_Conv2D_Fold",
      "FeatureExtractor_MobilenetV2_expanded_conv_7_project_Conv2D_Fold"
    ],
    "next_layer": [
      "FeatureExtractor_MobilenetV2_expanded_conv_8_expand_Conv2D_Fold",
      "FeatureExtractor_MobilenetV2_expanded_conv_8_add"
    ]
  },
  {
    "name": "FeatureExtractor_MobilenetV2_expanded_conv_8_expand_Conv2D_Fold",
    "operation": "conv",
    "activation_type": "Relu6",
    "input_log2scale": 1,
    "weight_log2scale": 9,
    "bias_log2scale": 6,
    "output_log2scale": 4,
    "output_shift": 6,
    "bias_shift": 4,
    "load_bias": true,
    "input_channel_num": 16,
    "output_channel_num": 96,
    "input_size": {
      "height": 10,
      "width": 10
    },
    "padding": {
      "top": 0,
      "bottom": 0,
      "left": 0,
      "right": 0
    },
    "stride": {
      "height": 1,
      "width": 1
    },
    "kernel_size": {
      "height": 1,
      "width": 1
    },
    "output_size": {
      "height": 10,
      "width": 10
    },
    "input_dtype": "int8",
    "output_dtype": "int8",
    "weight_dtype": "int8",
    "bias_dtype": "int8",
    "prev_layer": [
      "FeatureExtractor_MobilenetV2_expanded_conv_7_add"
    ],
    "next_layer": [
      "FeatureExtractor_MobilenetV2_expanded_conv_8_depthwise_depthwise_Fold"
    ]
  },
  {
    "name": "FeatureExtractor_MobilenetV2_expanded_conv_8_depthwise_depthwise_Fold",
    "operation": "dwconv",
    "activation_type": "Relu6",
    "input_log2scale": 4,
    "weight_log2scale": 4,
    "bias_log2scale": 5,
    "output_log2scale": 4,
    "output_shift": 4,
    "bias_shift": 3,
    "load_bias": true,
    "input_channel_num": 96,
    "output_channel_num": 96,
    "input_size": {
      "height": 10,
      "width": 10
    },
    "padding": {
      "top": 1,
      "bottom": 1,
      "left": 1,
      "right": 1
    },
    "stride": {
      "height": 1,
      "width": 1
    },
    "kernel_size": {
      "height": 3,
      "width": 3
    },
    "output_size": {
      "height": 10,
      "width": 10
    },
    "input_dtype": "int8",
    "output_dtype": "int8",
    "weight_dtype": "int8",
    "bias_dtype": "int8",
    "prev_layer": [
      "FeatureExtractor_MobilenetV2_expanded_conv_8_expand_Conv2D_Fold"
    ],
    "next_layer": [
      "FeatureExtractor_MobilenetV2_expanded_conv_8_project_Conv2D_Fold"
    ]
  },
  {
    "name": "FeatureExtractor_MobilenetV2_expanded_conv_8_project_Conv2D_Fold",
    "operation": "conv",
    "activation_type": "None",
    "input_log2scale": 4,
    "weight_log2scale": 7,
    "bias_log2scale": 5,
    "output_log2scale": 3,
    "output_shift": 8,
    "bias_shift": 6,
    "load_bias": true,
    "input_channel_num": 96,
    "output_channel_num": 16,
    "input_size": {
      "height": 10,
      "width": 10
    },
    "padding": {
      "top": 0,
      "bottom": 0,
      "left": 0,
      "right": 0
    },
    "stride": {
      "height": 1,
      "width": 1
    },
    "kernel_size": {
      "height": 1,
      "width": 1
    },
    "output_size": {
      "height": 10,
      "width": 10
    },
    "input_dtype": "int8",
    "output_dtype": "int8",
    "weight_dtype": "int8",
    "bias_dtype": "int8",
    "prev_layer": [
      "FeatureExtractor_MobilenetV2_expanded_conv_8_depthwise_depthwise_Fold"
    ],
    "next_layer": [
      "FeatureExtractor_MobilenetV2_expanded_conv_8_add"
    ]
  },
  {
    "name": "FeatureExtractor_MobilenetV2_expanded_conv_8_add",
    "operation": "add",
    "activation_type": "None",
    "size": 1600,
    "input_channel_num": 16,
    "input_size": {
      "height": 10,
      "width": 10
    },
    "dtype": "int8",
    "pl_log2scale": 3,
    "add_log2scale": 1,
    "output_log2scale": 1,
    "output_shift_bit": 0,
    "pl_name": "FeatureExtractor_MobilenetV2_expanded_conv_8_project_Conv2D_Fold",
    "add_name": "FeatureExtractor_MobilenetV2_expanded_conv_7_add",
    "prev_layer": [
      "FeatureExtractor_MobilenetV2_expanded_conv_7_add",
      "FeatureExtractor_MobilenetV2_expanded_conv_8_project_Conv2D_Fold"
    ],
    "next_layer": [
      "FeatureExtractor_MobilenetV2_expanded_conv_9_expand_Conv2D_Fold",
      "FeatureExtractor_MobilenetV2_expanded_conv_9_add"
    ]
  },
  {
    "name": "FeatureExtractor_MobilenetV2_expanded_conv_9_expand_Conv2D_Fold",
    "operation": "conv",
    "activation_type": "Relu6",
    "input_log2scale": 1,
    "weight_log2scale": 9,
    "bias_log2scale": 6,
    "output_log2scale": 4,
    "output_shift": 6,
    "bias_shift": 4,
    "load_bias": true,
    "input_channel_num": 16,
    "output_channel_num": 96,
    "input_size": {
      "height": 10,
      "width": 10
    },
    "padding": {
      "top": 0,
      "bottom": 0,
      "left": 0,
      "right": 0
    },
    "stride": {
      "height": 1,
      "width": 1
    },
    "kernel_size": {
      "height": 1,
      "width": 1
    },
    "output_size": {
      "height": 10,
      "width": 10
    },
    "input_dtype": "int8",
    "output_dtype": "int8",
    "weight_dtype": "int8",
    "bias_dtype": "int8",
    "prev_layer": [
      "FeatureExtractor_MobilenetV2_expanded_conv_8_add"
    ],
    "next_layer": [
      "FeatureExtractor_MobilenetV2_expanded_conv_9_depthwise_depthwise_Fold"
    ]
  },
  {
    "name": "FeatureExtractor_MobilenetV2_expanded_conv_9_depthwise_depthwise_Fold",
    "operation": "dwconv",
    "activation_type": "Relu6",
    "input_log2scale": 4,
    "weight_log2scale": 4,
    "bias_log2scale": 5,
    "output_log2scale": 4,
    "output_shift": 4,
    "bias_shift": 3,
    "load_bias": true,
    "input_channel_num": 96,
    "output_channel_num": 96,
    "input_size": {
      "height": 10,
      "width": 10
    },
    "padding": {
      "top": 1,
      "bottom": 1,
      "left": 1,
      "right": 1
    },
    "stride": {
      "height": 1,
      "width": 1
    },
    "kernel_size": {
      "height": 3,
      "width": 3
    },
    "output_size": {
      "height": 10,
      "width": 10
    },
    "input_dtype": "int8",
    "output_dtype": "int8",
    "weight_dtype": "int8",
    "bias_dtype": "int8",
    "prev_layer": [
      "FeatureExtractor_MobilenetV2_expanded_conv_9_expand_Conv2D_Fold"
    ],
    "next_layer": [
      "FeatureExtractor_MobilenetV2_expanded_conv_9_project_Conv2D_Fold"
    ]
  },
  {
    "name": "FeatureExtractor_MobilenetV2_expanded_conv_9_project_Conv2D_Fold",
    "operation": "conv",
    "activation_type": "None",
    "input_log2scale": 4,
    "weight_log2scale": 7,
    "bias_log2scale": 5,
    "output_log2scale": 2,
    "output_shift": 9,
    "bias_shift": 6,
    "load_bias": true,
    "input_channel_num": 96,
    "output_channel_num": 16,
    "input_size": {
      "height": 10,
      "width": 10
    },
    "padding": {
      "top": 0,
      "bottom": 0,
      "left": 0,
      "right": 0
    },
    "stride": {
      "height": 1,
      "width": 1
    },
    "kernel_size": {
      "height": 1,
      "width": 1
    },
    "output_size": {
      "height": 10,
      "width": 10
    },
    "input_dtype": "int8",
    "output_dtype": "int8",
    "weight_dtype": "int8",
    "bias_dtype": "int8",
    "prev_layer": [
      "FeatureExtractor_MobilenetV2_expanded_conv_9_depthwise_depthwise_Fold"
    ],
    "next_layer": [
      "FeatureExtractor_MobilenetV2_expanded_conv_9_add"
    ]
  },
  {
    "name": "FeatureExtractor_MobilenetV2_expanded_conv_9_add",
    "operation": "add",
    "activation_type": "None",
    "size": 1600,
    "input_channel_num": 16,
    "input_size": {
      "height": 10,
      "width": 10
    },
    "dtype": "int8",
    "pl_log2scale": 2,
    "add_log2scale": 1,
    "output_log2scale": 1,
    "output_shift_bit": 0,
    "pl_name": "FeatureExtractor_MobilenetV2_expanded_conv_9_project_Conv2D_Fold",
    "add_name": "FeatureExtractor_MobilenetV2_expanded_conv_8_add",
    "prev_layer": [
      "FeatureExtractor_MobilenetV2_expanded_conv_8_add",
      "FeatureExtractor_MobilenetV2_expanded_conv_9_project_Conv2D_Fold"
    ],
    "next_layer": [
      "FeatureExtractor_MobilenetV2_expanded_conv_10_expand_Conv2D_Fold"
    ]
  },
  {
    "name": "FeatureExtractor_MobilenetV2_expanded_conv_10_expand_Conv2D_Fold",
    "operation": "conv",
    "activation_type": "Relu6",
    "input_log2scale": 1,
    "weight_log2scale": 9,
    "bias_log2scale": 6,
    "output_log2scale": 4,
    "output_shift": 6,
    "bias_shift": 4,
    "load_bias": true,
    "input_channel_num": 16,
    "output_channel_num": 96,
    "input_size": {
      "height": 10,
      "width": 10
    },
    "padding": {
      "top": 0,
      "bottom": 0,
      "left": 0,
      "right": 0
    },
    "stride": {
      "height": 1,
      "width": 1
    },
    "kernel_size": {
      "height": 1,
      "width": 1
    },
    "output_size": {
      "height": 10,
      "width": 10
    },
    "input_dtype": "int8",
    "output_dtype": "int8",
    "weight_dtype": "int8",
    "bias_dtype": "int8",
    "prev_layer": [
      "FeatureExtractor_MobilenetV2_expanded_conv_9_add"
    ],
    "next_layer": [
      "FeatureExtractor_MobilenetV2_expanded_conv_10_depthwise_depthwise_Fold"
    ]
  },
  {
    "name": "FeatureExtractor_MobilenetV2_expanded_conv_10_depthwise_depthwise_Fold",
    "operation": "dwconv",
    "activation_type": "Relu6",
    "input_log2scale": 4,
    "weight_log2scale": 4,
    "bias_log2scale": 5,
    "output_log2scale": 4,
    "output_shift": 4,
    "bias_shift": 3,
    "load_bias": true,
    "input_channel_num": 96,
    "output_channel_num": 96,
    "input_size": {
      "height": 10,
      "width": 10
    },
    "padding": {
      "top": 1,
      "bottom": 1,
      "left": 1,
      "right": 1
    },
    "stride": {
      "height": 1,
      "width": 1
    },
    "kernel_size": {
      "height": 3,
      "width": 3
    },
    "output_size": {
      "height": 10,
      "width": 10
    },
    "input_dtype": "int8",
    "output_dtype": "int8",
    "weight_dtype": "int8",
    "bias_dtype": "int8",
    "prev_layer": [
      "FeatureExtractor_MobilenetV2_expanded_conv_10_expand_Conv2D_Fold"
    ],
    "next_layer": [
      "FeatureExtractor_MobilenetV2_expanded_conv_10_project_Conv2D_Fold"
    ]
  },
  {
    "name": "FeatureExtractor_MobilenetV2_expanded_conv_10_project_Conv2D_Fold",
    "operation": "conv",
    "activation_type": "None",
    "input_log2scale": 4,
    "weight_log2scale": 7,
    "bias_log2scale": 5,
    "output_log2scale": 2,
    "output_shift": 9,
    "bias_shift": 6,
    "load_bias": true,
    "input_channel_num": 96,
    "output_channel_num": 24,
    "input_size": {
      "height": 10,
      "width": 10
    },
    "padding": {
      "top": 0,
      "bottom": 0,
      "left": 0,
      "right": 0
    },
    "stride": {
      "height": 1,
      "width": 1
    },
    "kernel_size": {
      "height": 1,
      "width": 1
    },
    "output_size": {
      "height": 10,
      "width": 10
    },
    "input_dtype": "int8",
    "output_dtype": "int8",
    "weight_dtype": "int8",
    "bias_dtype": "int8",
    "prev_layer": [
      "FeatureExtractor_MobilenetV2_expanded_conv_10_depthwise_depthwise_Fold"
    ],
    "next_layer": [
      "FeatureExtractor_MobilenetV2_expanded_conv_11_expand_Conv2D_Fold",
      "FeatureExtractor_MobilenetV2_expanded_conv_11_add"
    ]
  },
  {
    "name": "FeatureExtractor_MobilenetV2_expanded_conv_11_expand_Conv2D_Fold",
    "operation": "conv",
    "activation_type": "Relu6",
    "input_log2scale": 2,
    "weight_log2scale": 8,
    "bias_log2scale": 6,
    "output_log2scale": 4,
    "output_shift": 6,
    "bias_shift": 4,
    "load_bias": true,
    "input_channel_num": 24,
    "output_channel_num": 144,
    "input_size": {
      "height": 10,
      "width": 10
    },
    "padding": {
      "top": 0,
      "bottom": 0,
      "left": 0,
      "right": 0
    },
    "stride": {
      "height": 1,
      "width": 1
    },
    "kernel_size": {
      "height": 1,
      "width": 1
    },
    "output_size": {
      "height": 10,
      "width": 10
    },
    "input_dtype": "int8",
    "output_dtype": "int8",
    "weight_dtype": "int8",
    "bias_dtype": "int8",
    "prev_layer": [
      "FeatureExtractor_MobilenetV2_expanded_conv_10_project_Conv2D_Fold"
    ],
    "next_layer": [
      "FeatureExtractor_MobilenetV2_expanded_conv_11_depthwise_depthwise_Fold"
    ]
  },
  {
    "name": "FeatureExtractor_MobilenetV2_expanded_conv_11_depthwise_depthwise_Fold",
    "operation": "dwconv",
    "activation_type": "Relu6",
    "input_log2scale": 4,
    "weight_log2scale": 4,
    "bias_log2scale": 5,
    "output_log2scale": 4,
    "output_shift": 4,
    "bias_shift": 3,
    "load_bias": true,
    "input_channel_num": 144,
    "output_channel_num": 144,
    "input_size": {
      "height": 10,
      "width": 10
    },
    "padding": {
      "top": 1,
      "bottom": 1,
      "left": 1,
      "right": 1
    },
    "stride": {
      "height": 1,
      "width": 1
    },
    "kernel_size": {
      "height": 3,
      "width": 3
    },
    "output_size": {
      "height": 10,
      "width": 10
    },
    "input_dtype": "int8",
    "output_dtype": "int8",
    "weight_dtype": "int8",
    "bias_dtype": "int8",
    "prev_layer": [
      "FeatureExtractor_MobilenetV2_expanded_conv_11_expand_Conv2D_Fold"
    ],
    "next_layer": [
      "FeatureExtractor_MobilenetV2_expanded_conv_11_project_Conv2D_Fold"
    ]
  },
  {
    "name": "FeatureExtractor_MobilenetV2_expanded_conv_11_project_Conv2D_Fold",
    "operation": "conv",
    "activation_type": "None",
    "input_log2scale": 4,
    "weight_log2scale": 7,
    "bias_log2scale": 5,
    "output_log2scale": 3,
    "output_shift": 8,
    "bias_shift": 6,
    "load_bias": true,
    "input_channel_num": 144,
    "output_channel_num": 24,
    "input_size": {
      "height": 10,
      "width": 10
    },
    "padding": {
      "top": 0,
      "bottom": 0,
      "left": 0,
      "right": 0
    },
    "stride": {
      "height": 1,
      "width": 1
    },
    "kernel_size": {
      "height": 1,
      "width": 1
    },
    "output_size": {
      "height": 10,
      "width": 10
    },
    "input_dtype": "int8",
    "output_dtype": "int8",
    "weight_dtype": "int8",
    "bias_dtype": "int8",
    "prev_layer": [
      "FeatureExtractor_MobilenetV2_expanded_conv_11_depthwise_depthwise_Fold"
    ],
    "next_layer": [
      "FeatureExtractor_MobilenetV2_expanded_conv_11_add"
    ]
  },
  {
    "name": "FeatureExtractor_MobilenetV2_expanded_conv_11_add",
    "operation": "add",
    "activation_type": "None",
    "size": 2400,
    "input_channel_num": 24,
    "input_size": {
      "height": 10,
      "width": 10
    },
    "dtype": "int8",
    "pl_log2scale": 3,
    "add_log2scale": 2,
    "output_log2scale": 2,
    "output_shift_bit": 0,
    "pl_name": "FeatureExtractor_MobilenetV2_expanded_conv_11_project_Conv2D_Fold",
    "add_name": "FeatureExtractor_MobilenetV2_expanded_conv_10_project_Conv2D_Fold",
    "prev_layer": [
      "FeatureExtractor_MobilenetV2_expanded_conv_10_project_Conv2D_Fold",
      "FeatureExtractor_MobilenetV2_expanded_conv_11_project_Conv2D_Fold"
    ],
    "next_layer": [
      "FeatureExtractor_MobilenetV2_expanded_conv_12_expand_Conv2D_Fold",
      "FeatureExtractor_MobilenetV2_expanded_conv_12_add"
    ]
  },
  {
    "name": "FeatureExtractor_MobilenetV2_expanded_conv_12_expand_Conv2D_Fold",
    "operation": "conv",
    "activation_type": "Relu6",
    "input_log2scale": 2,
    "weight_log2scale": 9,
    "bias_log2scale": 6,
    "output_log2scale": 4,
    "output_shift": 7,
    "bias_shift": 5,
    "load_bias": true,
    "input_channel_num": 24,
    "output_channel_num": 144,
    "input_size": {
      "height": 10,
      "width": 10
    },
    "padding": {
      "top": 0,
      "bottom": 0,
      "left": 0,
      "right": 0
    },
    "stride": {
      "height": 1,
      "width": 1
    },
    "kernel_size": {
      "height": 1,
      "width": 1
    },
    "output_size": {
      "height": 10,
      "width": 10
    },
    "input_dtype": "int8",
    "output_dtype": "int8",
    "weight_dtype": "int8",
    "bias_dtype": "int8",
    "prev_layer": [
      "FeatureExtractor_MobilenetV2_expanded_conv_11_add"
    ],
    "next_layer": [
      "FeatureExtractor_MobilenetV2_expanded_conv_12_depthwise_depthwise_Fold"
    ]
  },
  {
    "name": "FeatureExtractor_MobilenetV2_expanded_conv_12_depthwise_depthwise_Fold",
    "operation": "dwconv",
    "activation_type": "Relu6",
    "input_log2scale": 4,
    "weight_log2scale": 4,
    "bias_log2scale": 5,
    "output_log2scale": 4,
    "output_shift": 4,
    "bias_shift": 3,
    "load_bias": true,
    "input_channel_num": 144,
    "output_channel_num": 144,
    "input_size": {
      "height": 10,
      "width": 10
    },
    "padding": {
      "top": 1,
      "bottom": 1,
      "left": 1,
      "right": 1
    },
    "stride": {
      "height": 1,
      "width": 1
    },
    "kernel_size": {
      "height": 3,
      "width": 3
    },
    "output_size": {
      "height": 10,
      "width": 10
    },
    "input_dtype": "int8",
    "output_dtype": "int8",
    "weight_dtype": "int8",
    "bias_dtype": "int8",
    "prev_layer": [
      "FeatureExtractor_MobilenetV2_expanded_conv_12_expand_Conv2D_Fold"
    ],
    "next_layer": [
      "FeatureExtractor_MobilenetV2_expanded_conv_12_project_Conv2D_Fold"
    ]
  },
  {
    "name": "FeatureExtractor_MobilenetV2_expanded_conv_12_project_Conv2D_Fold",
    "operation": "conv",
    "activation_type": "None",
    "input_log2scale": 4,
    "weight_log2scale": 7,
    "bias_log2scale": 5,
    "output_log2scale": 3,
    "output_shift": 8,
    "bias_shift": 6,
    "load_bias": true,
    "input_channel_num": 144,
    "output_channel_num": 24,
    "input_size": {
      "height": 10,
      "width": 10
    },
    "padding": {
      "top": 0,
      "bottom": 0,
      "left": 0,
      "right": 0
    },
    "stride": {
      "height": 1,
      "width": 1
    },
    "kernel_size": {
      "height": 1,
      "width": 1
    },
    "output_size": {
      "height": 10,
      "width": 10
    },
    "input_dtype": "int8",
    "output_dtype": "int8",
    "weight_dtype": "int8",
    "bias_dtype": "int8",
    "prev_layer": [
      "FeatureExtractor_MobilenetV2_expanded_conv_12_depthwise_depthwise_Fold"
    ],
    "next_layer": [
      "FeatureExtractor_MobilenetV2_expanded_conv_12_add"
    ]
  },
  {
    "name": "FeatureExtractor_MobilenetV2_expanded_conv_12_add",
    "operation": "add",
    "activation_type": "None",
    "size": 2400,
    "input_channel_num": 24,
    "input_size": {
      "height": 10,
      "width": 10
    },
    "dtype": "int8",
    "pl_log2scale": 3,
    "add_log2scale": 2,
    "output_log2scale": 2,
    "output_shift_bit": 0,
    "pl_name": "FeatureExtractor_MobilenetV2_expanded_conv_12_project_Conv2D_Fold",
    "add_name": "FeatureExtractor_MobilenetV2_expanded_conv_11_add",
    "prev_layer": [
      "FeatureExtractor_MobilenetV2_expanded_conv_11_add",
      "FeatureExtractor_MobilenetV2_expanded_conv_12_project_Conv2D_Fold"
    ],
    "next_layer": [
      "FeatureExtractor_MobilenetV2_expanded_conv_13_expand_Conv2D_Fold"
    ]
  },
  {
    "name": "FeatureExtractor_MobilenetV2_expanded_conv_13_expand_Conv2D_Fold",
    "operation": "conv",
    "activation_type": "Relu6",
    "input_log2scale": 2,
    "weight_log2scale": 9,
    "bias_log2scale": 6,
    "output_log2scale": 4,
    "output_shift": 7,
    "bias_shift": 5,
    "load_bias": true,
    "input_channel_num": 24,
    "output_channel_num": 144,
    "input_size": {
      "height": 10,
      "width": 10
    },
    "padding": {
      "top": 0,
      "bottom": 0,
      "left": 0,
      "right": 0
    },
    "stride": {
      "height": 1,
      "width": 1
    },
    "kernel_size": {
      "height": 1,
      "width": 1
    },
    "output_size": {
      "height": 10,
      "width": 10
    },
    "input_dtype": "int8",
    "output_dtype": "int8",
    "weight_dtype": "int8",
    "bias_dtype": "int8",
    "prev_layer": [
      "FeatureExtractor_MobilenetV2_expanded_conv_12_add"
    ],
    "next_layer": [
      "FeatureExtractor_MobilenetV2_expanded_conv_13_depthwise_depthwise_Fold",
      "BoxPredictor_0_BoxEncodingPredictor_Conv2D_Fold",
      "BoxPredictor_0_ClassPredictor_Conv2D_Fold"
    ]
  },
  {
    "name": "FeatureExtractor_MobilenetV2_expanded_conv_13_depthwise_depthwise_Fold",
    "operation": "dwconv",
    "activation_type": "Relu6",
    "input_log2scale": 4,
    "weight_log2scale": 5,
    "bias_log2scale": 4,
    "output_log2scale": 4,
    "output_shift": 5,
    "bias_shift": 5,
    "load_bias": true,
    "input_channel_num": 144,
    "output_channel_num": 144,
    "input_size": {
      "height": 10,
      "width": 10
    },
    "padding": {
      "top": 0,
      "bottom": 1,
      "left": 0,
      "right": 1
    },
    "stride": {
      "height": 2,
      "width": 2
    },
    "kernel_size": {
      "height": 3,
      "width": 3
    },
    "output_size": {
      "height": 5,
      "width": 5
    },
    "input_dtype": "int8",
    "output_dtype": "int8",
    "weight_dtype": "int8",
    "bias_dtype": "int8",
    "prev_layer": [
      "FeatureExtractor_MobilenetV2_expanded_conv_13_expand_Conv2D_Fold"
    ],
    "next_layer": [
      "FeatureExtractor_MobilenetV2_expanded_conv_13_project_Conv2D_Fold"
    ]
  },
  {
    "name": "BoxPredictor_0_BoxEncodingPredictor_Conv2D_Fold",
    "operation": "conv",
    "activation_type": "None",
    "input_log2scale": 4,
    "weight_log2scale": 7,
    "bias_log2scale": 5,
    "output_log2scale": 3,
    "output_shift": 8,
    "bias_shift": 6,
    "load_bias": true,
    "input_channel_num": 144,
    "output_channel_num": 12,
    "input_size": {
      "height": 10,
      "width": 10
    },
    "padding": {
      "top": 0,
      "bottom": 0,
      "left": 0,
      "right": 0
    },
    "stride": {
      "height": 1,
      "width": 1
    },
    "kernel_size": {
      "height": 1,
      "width": 1
    },
    "output_size": {
      "height": 10,
      "width": 10
    },
    "input_dtype": "int8",
    "output_dtype": "int8",
    "weight_dtype": "int8",
    "bias_dtype": "int8",
    "prev_layer": [
      "FeatureExtractor_MobilenetV2_expanded_conv_13_expand_Conv2D_Fold"
    ],
    "next_layer": [
      "BoxPredictor_0_Reshape"
    ]
  },
  {
    "name": "BoxPredictor_0_ClassPredictor_Conv2D_Fold",
    "operation": "conv",
    "activation_type": "None",
    "input_log2scale": 4,
    "weight_log2scale": 7,
    "bias_log2scale": 4,
    "output_log2scale": 2,
    "output_shift": 9,
    "bias_shift": 7,
    "load_bias": true,
    "input_channel_num": 144,
    "output_channel_num": 6,
    "input_size": {
      "height": 10,
      "width": 10
    },
    "padding": {
      "top": 0,
      "bottom": 0,
      "left": 0,
      "right": 0
    },
    "stride": {
      "height": 1,
      "width": 1
    },
    "kernel_size": {
      "height": 1,
      "width": 1
    },
    "output_size": {
      "height": 10,
      "width": 10
    },
    "input_dtype": "int8",
    "output_dtype": "int8",
    "weight_dtype": "int8",
    "bias_dtype": "int8",
    "prev_layer": [
      "FeatureExtractor_MobilenetV2_expanded_conv_13_expand_Conv2D_Fold"
    ],
    "next_layer": [
      "BoxPredictor_0_Reshape_1"
    ]
  },
  {
    "name": "FeatureExtractor_MobilenetV2_expanded_conv_13_project_Conv2D_Fold",
    "operation": "conv",
    "activation_type": "None",
    "input_log2scale": 4,
    "weight_log2scale": 8,
    "bias_log2scale": 4,
    "output_log2scale": 3,
    "output_shift": 9,
    "bias_shift": 8,
    "load_bias": true,
    "input_channel_num": 144,
    "output_channel_num": 40,
    "input_size": {
      "height": 5,
      "width": 5
    },
    "padding": {
      "top": 0,
      "bottom": 0,
      "left": 0,
      "right": 0
    },
    "stride": {
      "height": 1,
      "width": 1
    },
    "kernel_size": {
      "height": 1,
      "width": 1
    },
    "output_size": {
      "height": 5,
      "width": 5
    },
    "input_dtype": "int8",
    "output_dtype": "int8",
    "weight_dtype": "int8",
    "bias_dtype": "int8",
    "prev_layer": [
      "FeatureExtractor_MobilenetV2_expanded_conv_13_depthwise_depthwise_Fold"
    ],
    "next_layer": [
      "FeatureExtractor_MobilenetV2_expanded_conv_14_expand_Conv2D_Fold",
      "FeatureExtractor_MobilenetV2_expanded_conv_14_add"
    ]
  },
  {
    "name": "BoxPredictor_0_Reshape",
    "operation": "reshape",
    "reshape_param": [
      -1,
      1,
      4
    ],
    "input_shape": [
      10,
      10,
      12
    ],
    "output_shape": [
      300,
      1,
      4
    ],
    "dtype": "int8",
    "log2scale": 3,
    "prev_layer": [
      "BoxPredictor_0_BoxEncodingPredictor_Conv2D_Fold"
    ],
    "next_layer": [
      "endpoint"
    ]
  },
  {
    "name": "BoxPredictor_0_Reshape_1",
    "operation": "reshape",
    "reshape_param": [
      -1,
      2
    ],
    "input_shape": [
      10,
      10,
      6
    ],
    "output_shape": [
      300,
      2
    ],
    "dtype": "int8",
    "log2scale": 2,
    "prev_layer": [
      "BoxPredictor_0_ClassPredictor_Conv2D_Fold"
    ],
    "next_layer": [
      "endpoint"
    ]
  },
  {
    "name": "FeatureExtractor_MobilenetV2_expanded_conv_14_expand_Conv2D_Fold",
    "operation": "conv",
    "activation_type": "Relu6",
    "input_log2scale": 3,
    "weight_log2scale": 9,
    "bias_log2scale": 6,
    "output_log2scale": 4,
    "output_shift": 8,
    "bias_shift": 6,
    "load_bias": true,
    "input_channel_num": 40,
    "output_channel_num": 240,
    "input_size": {
      "height": 5,
      "width": 5
    },
    "padding": {
      "top": 0,
      "bottom": 0,
      "left": 0,
      "right": 0
    },
    "stride": {
      "height": 1,
      "width": 1
    },
    "kernel_size": {
      "height": 1,
      "width": 1
    },
    "output_size": {
      "height": 5,
      "width": 5
    },
    "input_dtype": "int8",
    "output_dtype": "int8",
    "weight_dtype": "int8",
    "bias_dtype": "int8",
    "prev_layer": [
      "FeatureExtractor_MobilenetV2_expanded_conv_13_project_Conv2D_Fold"
    ],
    "next_layer": [
      "FeatureExtractor_MobilenetV2_expanded_conv_14_depthwise_depthwise_Fold"
    ]
  },
  {
    "name": "FeatureExtractor_MobilenetV2_expanded_conv_14_depthwise_depthwise_Fold",
    "operation": "dwconv",
    "activation_type": "Relu6",
    "input_log2scale": 4,
    "weight_log2scale": 5,
    "bias_log2scale": 5,
    "output_log2scale": 4,
    "output_shift": 5,
    "bias_shift": 4,
    "load_bias": true,
    "input_channel_num": 240,
    "output_channel_num": 240,
    "input_size": {
      "height": 5,
      "width": 5
    },
    "padding": {
      "top": 1,
      "bottom": 1,
      "left": 1,
      "right": 1
    },
    "stride": {
      "height": 1,
      "width": 1
    },
    "kernel_size": {
      "height": 3,
      "width": 3
    },
    "output_size": {
      "height": 5,
      "width": 5
    },
    "input_dtype": "int8",
    "output_dtype": "int8",
    "weight_dtype": "int8",
    "bias_dtype": "int8",
    "prev_layer": [
      "FeatureExtractor_MobilenetV2_expanded_conv_14_expand_Conv2D_Fold"
    ],
    "next_layer": [
      "FeatureExtractor_MobilenetV2_expanded_conv_14_project_Conv2D_Fold"
    ]
  },
  {
    "name": "FeatureExtractor_MobilenetV2_expanded_conv_14_project_Conv2D_Fold",
    "operation": "conv",
    "activation_type": "None",
    "input_log2scale": 4,
    "weight_log2scale": 8,
    "bias_log2scale": 5,
    "output_log2scale": 3,
    "output_shift": 9,
    "bias_shift": 7,
    "load_bias": true,
    "input_channel_num": 240,
    "output_channel_num": 40,
    "input_size": {
      "height": 5,
      "width": 5
    },
    "padding": {
      "top": 0,
      "bottom": 0,
      "left": 0,
      "right": 0
    },
    "stride": {
      "height": 1,
      "width": 1
    },
    "kernel_size": {
      "height": 1,
      "width": 1
    },
    "output_size": {
      "height": 5,
      "width": 5
    },
    "input_dtype": "int8",
    "output_dtype": "int8",
    "weight_dtype": "int8",
    "bias_dtype": "int8",
    "prev_layer": [
      "FeatureExtractor_MobilenetV2_expanded_conv_14_depthwise_depthwise_Fold"
    ],
    "next_layer": [
      "FeatureExtractor_MobilenetV2_expanded_conv_14_add"
    ]
  },
  {
    "name": "FeatureExtractor_MobilenetV2_expanded_conv_14_add",
    "operation": "add",
    "activation_type": "None",
    "size": 1000,
    "input_channel_num": 40,
    "input_size": {
      "height": 5,
      "width": 5
    },
    "dtype": "int8",
    "pl_log2scale": 3,
    "add_log2scale": 3,
    "output_log2scale": 3,
    "output_shift_bit": 0,
    "pl_name": "FeatureExtractor_MobilenetV2_expanded_conv_14_project_Conv2D_Fold",
    "add_name": "FeatureExtractor_MobilenetV2_expanded_conv_13_project_Conv2D_Fold",
    "prev_layer": [
      "FeatureExtractor_MobilenetV2_expanded_conv_13_project_Conv2D_Fold",
      "FeatureExtractor_MobilenetV2_expanded_conv_14_project_Conv2D_Fold"
    ],
    "next_layer": [
      "FeatureExtractor_MobilenetV2_expanded_conv_15_expand_Conv2D_Fold",
      "FeatureExtractor_MobilenetV2_expanded_conv_15_add"
    ]
  },
  {
    "name": "FeatureExtractor_MobilenetV2_expanded_conv_15_expand_Conv2D_Fold",
    "operation": "conv",
    "activation_type": "Relu6",
    "input_log2scale": 3,
    "weight_log2scale": 9,
    "bias_log2scale": 7,
    "output_log2scale": 4,
    "output_shift": 8,
    "bias_shift": 5,
    "load_bias": true,
    "input_channel_num": 40,
    "output_channel_num": 240,
    "input_size": {
      "height": 5,
      "width": 5
    },
    "padding": {
      "top": 0,
      "bottom": 0,
      "left": 0,
      "right": 0
    },
    "stride": {
      "height": 1,
      "width": 1
    },
    "kernel_size": {
      "height": 1,
      "width": 1
    },
    "output_size": {
      "height": 5,
      "width": 5
    },
    "input_dtype": "int8",
    "output_dtype": "int8",
    "weight_dtype": "int8",
    "bias_dtype": "int8",
    "prev_layer": [
      "FeatureExtractor_MobilenetV2_expanded_conv_14_add"
    ],
    "next_layer": [
      "FeatureExtractor_MobilenetV2_expanded_conv_15_depthwise_depthwise_Fold"
    ]
  },
  {
    "name": "FeatureExtractor_MobilenetV2_expanded_conv_15_depthwise_depthwise_Fold",
    "operation": "dwconv",
    "activation_type": "Relu6",
    "input_log2scale": 4,
    "weight_log2scale": 5,
    "bias_log2scale": 5,
    "output_log2scale": 4,
    "output_shift": 5,
    "bias_shift": 4,
    "load_bias": true,
    "input_channel_num": 240,
    "output_channel_num": 240,
    "input_size": {
      "height": 5,
      "width": 5
    },
    "padding": {
      "top": 1,
      "bottom": 1,
      "left": 1,
      "right": 1
    },
    "stride": {
      "height": 1,
      "width": 1
    },
    "kernel_size": {
      "height": 3,
      "width": 3
    },
    "output_size": {
      "height": 5,
      "width": 5
    },
    "input_dtype": "int8",
    "output_dtype": "int8",
    "weight_dtype": "int8",
    "bias_dtype": "int8",
    "prev_layer": [
      "FeatureExtractor_MobilenetV2_expanded_conv_15_expand_Conv2D_Fold"
    ],
    "next_layer": [
      "FeatureExtractor_MobilenetV2_expanded_conv_15_project_Conv2D_Fold"
    ]
  },
  {
    "name": "FeatureExtractor_MobilenetV2_expanded_conv_15_project_Conv2D_Fold",
    "operation": "conv",
    "activation_type": "None",
    "input_log2scale": 4,
    "weight_log2scale": 7,
    "bias_log2scale": 5,
    "output_log2scale": 3,
    "output_shift": 8,
    "bias_shift": 6,
    "load_bias": true,
    "input_channel_num": 240,
    "output_channel_num": 40,
    "input_size": {
      "height": 5,
      "width": 5
    },
    "padding": {
      "top": 0,
      "bottom": 0,
      "left": 0,
      "right": 0
    },
    "stride": {
      "height": 1,
      "width": 1
    },
    "kernel_size": {
      "height": 1,
      "width": 1
    },
    "output_size": {
      "height": 5,
      "width": 5
    },
    "input_dtype": "int8",
    "output_dtype": "int8",
    "weight_dtype": "int8",
    "bias_dtype": "int8",
    "prev_layer": [
      "FeatureExtractor_MobilenetV2_expanded_conv_15_depthwise_depthwise_Fold"
    ],
    "next_layer": [
      "FeatureExtractor_MobilenetV2_expanded_conv_15_add"
    ]
  },
  {
    "name": "FeatureExtractor_MobilenetV2_expanded_conv_15_add",
    "operation": "add",
    "activation_type": "None",
    "size": 1000,
    "input_channel_num": 40,
    "input_size": {
      "height": 5,
      "width": 5
    },
    "dtype": "int8",
    "pl_log2scale": 3,
    "add_log2scale": 3,
    "output_log2scale": 2,
    "output_shift_bit": -1,
    "pl_name": "FeatureExtractor_MobilenetV2_expanded_conv_15_project_Conv2D_Fold",
    "add_name": "FeatureExtractor_MobilenetV2_expanded_conv_14_add",
    "prev_layer": [
      "FeatureExtractor_MobilenetV2_expanded_conv_14_add",
      "FeatureExtractor_MobilenetV2_expanded_conv_15_project_Conv2D_Fold"
    ],
    "next_layer": [
      "FeatureExtractor_MobilenetV2_expanded_conv_16_expand_Conv2D_Fold"
    ]
  },
  {
    "name": "FeatureExtractor_MobilenetV2_expanded_conv_16_expand_Conv2D_Fold",
    "operation": "conv",
    "activation_type": "Relu6",
    "input_log2scale": 2,
    "weight_log2scale": 9,
    "bias_log2scale": 5,
    "output_log2scale": 4,
    "output_shift": 7,
    "bias_shift": 6,
    "load_bias": true,
    "input_channel_num": 40,
    "output_channel_num": 240,
    "input_size": {
      "height": 5,
      "width": 5
    },
    "padding": {
      "top": 0,
      "bottom": 0,
      "left": 0,
      "right": 0
    },
    "stride": {
      "height": 1,
      "width": 1
    },
    "kernel_size": {
      "height": 1,
      "width": 1
    },
    "output_size": {
      "height": 5,
      "width": 5
    },
    "input_dtype": "int8",
    "output_dtype": "int8",
    "weight_dtype": "int8",
    "bias_dtype": "int8",
    "prev_layer": [
      "FeatureExtractor_MobilenetV2_expanded_conv_15_add"
    ],
    "next_layer": [
      "FeatureExtractor_MobilenetV2_expanded_conv_16_depthwise_depthwise_Fold"
    ]
  },
  {
    "name": "FeatureExtractor_MobilenetV2_expanded_conv_16_depthwise_depthwise_Fold",
    "operation": "dwconv",
    "activation_type": "Relu6",
    "input_log2scale": 4,
    "weight_log2scale": 4,
    "bias_log2scale": 4,
    "output_log2scale": 4,
    "output_shift": 4,
    "bias_shift": 4,
    "load_bias": true,
    "input_channel_num": 240,
    "output_channel_num": 240,
    "input_size": {
      "height": 5,
      "width": 5
    },
    "padding": {
      "top": 1,
      "bottom": 1,
      "left": 1,
      "right": 1
    },
    "stride": {
      "height": 1,
      "width": 1
    },
    "kernel_size": {
      "height": 3,
      "width": 3
    },
    "output_size": {
      "height": 5,
      "width": 5
    },
    "input_dtype": "int8",
    "output_dtype": "int8",
    "weight_dtype": "int8",
    "bias_dtype": "int8",
    "prev_layer": [
      "FeatureExtractor_MobilenetV2_expanded_conv_16_expand_Conv2D_Fold"
    ],
    "next_layer": [
      "FeatureExtractor_MobilenetV2_expanded_conv_16_project_Conv2D_Fold"
    ]
  },
  {
    "name": "FeatureExtractor_MobilenetV2_expanded_conv_16_project_Conv2D_Fold",
    "operation": "conv",
    "activation_type": "None",
    "input_log2scale": 4,
    "weight_log2scale": 8,
    "bias_log2scale": 4,
    "output_log2scale": 3,
    "output_shift": 9,
    "bias_shift": 8,
    "load_bias": true,
    "input_channel_num": 240,
    "output_channel_num": 80,
    "input_size": {
      "height": 5,
      "width": 5
    },
    "padding": {
      "top": 0,
      "bottom": 0,
      "left": 0,
      "right": 0
    },
    "stride": {
      "height": 1,
      "width": 1
    },
    "kernel_size": {
      "height": 1,
      "width": 1
    },
    "output_size": {
      "height": 5,
      "width": 5
    },
    "input_dtype": "int8",
    "output_dtype": "int8",
    "weight_dtype": "int8",
    "bias_dtype": "int8",
    "prev_layer": [
      "FeatureExtractor_MobilenetV2_expanded_conv_16_depthwise_depthwise_Fold"
    ],
    "next_layer": [
      "FeatureExtractor_MobilenetV2_Conv_1_Conv2D_Fold"
    ]
  },
  {
    "name": "FeatureExtractor_MobilenetV2_Conv_1_Conv2D_Fold",
    "operation": "conv",
    "activation_type": "Relu6",
    "input_log2scale": 3,
    "weight_log2scale": 8,
    "bias_log2scale": 6,
    "output_log2scale": 4,
    "output_shift": 7,
    "bias_shift": 5,
    "load_bias": true,
    "input_channel_num": 80,
    "output_channel_num": 320,
    "input_size": {
      "height": 5,
      "width": 5
    },
    "padding": {
      "top": 0,
      "bottom": 0,
      "left": 0,
      "right": 0
    },
    "stride": {
      "height": 1,
      "width": 1
    },
    "kernel_size": {
      "height": 1,
      "width": 1
    },
    "output_size": {
      "height": 5,
      "width": 5
    },
    "input_dtype": "int8",
    "output_dtype": "int8",
    "weight_dtype": "int8",
    "bias_dtype": "int8",
    "prev_layer": [
      "FeatureExtractor_MobilenetV2_expanded_conv_16_project_Conv2D_Fold"
    ],
    "next_layer": [
      "FeatureExtractor_MobilenetV2_layer_19_1_Conv2d_2_1x1_64_Conv2D_Fold",
      "BoxPredictor_1_BoxEncodingPredictor_Conv2D_Fold",
      "BoxPredictor_1_ClassPredictor_Conv2D_Fold"
    ]
  },
  {
    "name": "FeatureExtractor_MobilenetV2_layer_19_1_Conv2d_2_1x1_64_Conv2D_Fold",
    "operation": "conv",
    "activation_type": "Relu6",
    "input_log2scale": 4,
    "weight_log2scale": 8,
    "bias_log2scale": 4,
    "output_log2scale": 4,
    "output_shift": 8,
    "bias_shift": 8,
    "load_bias": true,
    "input_channel_num": 320,
    "output_channel_num": 64,
    "input_size": {
      "height": 5,
      "width": 5
    },
    "padding": {
      "top": 0,
      "bottom": 0,
      "left": 0,
      "right": 0
    },
    "stride": {
      "height": 1,
      "width": 1
    },
    "kernel_size": {
      "height": 1,
      "width": 1
    },
    "output_size": {
      "height": 5,
      "width": 5
    },
    "input_dtype": "int8",
    "output_dtype": "int8",
    "weight_dtype": "int8",
    "bias_dtype": "int8",
    "prev_layer": [
      "FeatureExtractor_MobilenetV2_Conv_1_Conv2D_Fold"
    ],
    "next_layer": [
      "FeatureExtractor_MobilenetV2_layer_19_2_Conv2d_2_3x3_s2_128_Conv2D_Fold"
    ]
  },
  {
    "name": "BoxPredictor_1_BoxEncodingPredictor_Conv2D_Fold",
    "operation": "conv",
    "activation_type": "None",
    "input_log2scale": 4,
    "weight_log2scale": 10,
    "bias_log2scale": 6,
    "output_log2scale": 4,
    "output_shift": 10,
    "bias_shift": 8,
    "load_bias": true,
    "input_channel_num": 320,
    "output_channel_num": 24,
    "input_size": {
      "height": 5,
      "width": 5
    },
    "padding": {
      "top": 0,
      "bottom": 0,
      "left": 0,
      "right": 0
    },
    "stride": {
      "height": 1,
      "width": 1
    },
    "kernel_size": {
      "height": 1,
      "width": 1
    },
    "output_size": {
      "height": 5,
      "width": 5
    },
    "input_dtype": "int8",
    "output_dtype": "int8",
    "weight_dtype": "int8",
    "bias_dtype": "int8",
    "prev_layer": [
      "FeatureExtractor_MobilenetV2_Conv_1_Conv2D_Fold"
    ],
    "next_layer": [
      "BoxPredictor_1_Reshape"
    ]
  },
  {
    "name": "BoxPredictor_1_ClassPredictor_Conv2D_Fold",
    "operation": "conv",
    "activation_type": "None",
    "input_log2scale": 4,
    "weight_log2scale": 8,
    "bias_log2scale": 4,
    "output_log2scale": 1,
    "output_shift": 11,
    "bias_shift": 8,
    "load_bias": true,
    "input_channel_num": 320,
    "output_channel_num": 12,
    "input_size": {
      "height": 5,
      "width": 5
    },
    "padding": {
      "top": 0,
      "bottom": 0,
      "left": 0,
      "right": 0
    },
    "stride": {
      "height": 1,
      "width": 1
    },
    "kernel_size": {
      "height": 1,
      "width": 1
    },
    "output_size": {
      "height": 5,
      "width": 5
    },
    "input_dtype": "int8",
    "output_dtype": "int8",
    "weight_dtype": "int8",
    "bias_dtype": "int8",
    "prev_layer": [
      "FeatureExtractor_MobilenetV2_Conv_1_Conv2D_Fold"
    ],
    "next_layer": [
      "BoxPredictor_1_Reshape_1"
    ]
  },
  {
    "name": "FeatureExtractor_MobilenetV2_layer_19_2_Conv2d_2_3x3_s2_128_Conv2D_Fold",
    "operation": "conv",
    "activation_type": "Relu6",
    "input_log2scale": 4,
    "weight_log2scale": 8,
    "bias_log2scale": 4,
    "output_log2scale": 4,
    "output_shift": 8,
    "bias_shift": 8,
    "load_bias": true,
    "input_channel_num": 64,
    "output_channel_num": 128,
    "input_size": {
      "height": 5,
      "width": 5
    },
    "padding": {
      "top": 1,
      "bottom": 1,
      "left": 1,
      "right": 1
    },
    "stride": {
      "height": 2,
      "width": 2
    },
    "kernel_size": {
      "height": 3,
      "width": 3
    },
    "output_size": {
      "height": 3,
      "width": 3
    },
    "input_dtype": "int8",
    "output_dtype": "int8",
    "weight_dtype": "int8",
    "bias_dtype": "int8",
    "prev_layer": [
      "FeatureExtractor_MobilenetV2_layer_19_1_Conv2d_2_1x1_64_Conv2D_Fold"
    ],
    "next_layer": [
      "FeatureExtractor_MobilenetV2_layer_19_1_Conv2d_3_1x1_32_Conv2D_Fold",
      "BoxPredictor_2_BoxEncodingPredictor_Conv2D_Fold",
      "BoxPredictor_2_ClassPredictor_Conv2D_Fold"
    ]
  },
  {
    "name": "BoxPredictor_1_Reshape",
    "operation": "reshape",
    "reshape_param": [
      -1,
      1,
      4
    ],
    "input_shape": [
      5,
      5,
      24
    ],
    "output_shape": [
      150,
      1,
      4
    ],
    "dtype": "int8",
    "log2scale": 4,
    "prev_layer": [
      "BoxPredictor_1_BoxEncodingPredictor_Conv2D_Fold"
    ],
    "next_layer": [
      "endpoint"
    ]
  },
  {
    "name": "BoxPredictor_1_Reshape_1",
    "operation": "reshape",
    "reshape_param": [
      -1,
      2
    ],
    "input_shape": [
      5,
      5,
      12
    ],
    "output_shape": [
      150,
      2
    ],
    "dtype": "int8",
    "log2scale": 1,
    "prev_layer": [
      "BoxPredictor_1_ClassPredictor_Conv2D_Fold"
    ],
    "next_layer": [
      "endpoint"
    ]
  },
  {
    "name": "FeatureExtractor_MobilenetV2_layer_19_1_Conv2d_3_1x1_32_Conv2D_Fold",
    "operation": "conv",
    "activation_type": "Relu6",
    "input_log2scale": 4,
    "weight_log2scale": 8,
    "bias_log2scale": 5,
    "output_log2scale": 4,
    "output_shift": 8,
    "bias_shift": 7,
    "load_bias": true,
    "input_channel_num": 128,
    "output_channel_num": 32,
    "input_size": {
      "height": 3,
      "width": 3
    },
    "padding": {
      "top": 0,
      "bottom": 0,
      "left": 0,
      "right": 0
    },
    "stride": {
      "height": 1,
      "width": 1
    },
    "kernel_size": {
      "height": 1,
      "width": 1
    },
    "output_size": {
      "height": 3,
      "width": 3
    },
    "input_dtype": "int8",
    "output_dtype": "int8",
    "weight_dtype": "int8",
    "bias_dtype": "int8",
    "prev_layer": [
      "FeatureExtractor_MobilenetV2_layer_19_2_Conv2d_2_3x3_s2_128_Conv2D_Fold"
    ],
    "next_layer": [
      "FeatureExtractor_MobilenetV2_layer_19_2_Conv2d_3_3x3_s2_64_Conv2D_Fold"
    ]
  },
  {
    "name": "BoxPredictor_2_BoxEncodingPredictor_Conv2D_Fold",
    "operation": "conv",
    "activation_type": "None",
    "input_log2scale": 4,
    "weight_log2scale": 9,
    "bias_log2scale": 5,
    "output_log2scale": 4,
    "output_shift": 9,
    "bias_shift": 8,
    "load_bias": true,
    "input_channel_num": 128,
    "output_channel_num": 24,
    "input_size": {
      "height": 3,
      "width": 3
    },
    "padding": {
      "top": 0,
      "bottom": 0,
      "left": 0,
      "right": 0
    },
    "stride": {
      "height": 1,
      "width": 1
    },
    "kernel_size": {
      "height": 1,
      "width": 1
    },
    "output_size": {
      "height": 3,
      "width": 3
    },
    "input_dtype": "int8",
    "output_dtype": "int8",
    "weight_dtype": "int8",
    "bias_dtype": "int8",
    "prev_layer": [
      "FeatureExtractor_MobilenetV2_layer_19_2_Conv2d_2_3x3_s2_128_Conv2D_Fold"
    ],
    "next_layer": [
      "BoxPredictor_2_Reshape"
    ]
  },
  {
    "name": "BoxPredictor_2_ClassPredictor_Conv2D_Fold",
    "operation": "conv",
    "activation_type": "None",
    "input_log2scale": 4,
    "weight_log2scale": 8,
    "bias_log2scale": 4,
    "output_log2scale": 1,
    "output_shift": 11,
    "bias_shift": 8,
    "load_bias": true,
    "input_channel_num": 128,
    "output_channel_num": 12,
    "input_size": {
      "height": 3,
      "width": 3
    },
    "padding": {
      "top": 0,
      "bottom": 0,
      "left": 0,
      "right": 0
    },
    "stride": {
      "height": 1,
      "width": 1
    },
    "kernel_size": {
      "height": 1,
      "width": 1
    },
    "output_size": {
      "height": 3,
      "width": 3
    },
    "input_dtype": "int8",
    "output_dtype": "int8",
    "weight_dtype": "int8",
    "bias_dtype": "int8",
    "prev_layer": [
      "FeatureExtractor_MobilenetV2_layer_19_2_Conv2d_2_3x3_s2_128_Conv2D_Fold"
    ],
    "next_layer": [
      "BoxPredictor_2_Reshape_1"
    ]
  },
  {
    "name": "FeatureExtractor_MobilenetV2_layer_19_2_Conv2d_3_3x3_s2_64_Conv2D_Fold",
    "operation": "conv",
    "activation_type": "Relu6",
    "input_log2scale": 4,
    "weight_log2scale": 8,
    "bias_log2scale": 4,
    "output_log2scale": 4,
    "output_shift": 8,
    "bias_shift": 8,
    "load_bias": true,
    "input_channel_num": 32,
    "output_channel_num": 64,
    "input_size": {
      "height": 3,
      "width": 3
    },
    "padding": {
      "top": 1,
      "bottom": 1,
      "left": 1,
      "right": 1
    },
    "stride": {
      "height": 2,
      "width": 2
    },
    "kernel_size": {
      "height": 3,
      "width": 3
    },
    "output_size": {
      "height": 2,
      "width": 2
    },
    "input_dtype": "int8",
    "output_dtype": "int8",
    "weight_dtype": "int8",
    "bias_dtype": "int8",
    "prev_layer": [
      "FeatureExtractor_MobilenetV2_layer_19_1_Conv2d_3_1x1_32_Conv2D_Fold"
    ],
    "next_layer": [
      "FeatureExtractor_MobilenetV2_layer_19_1_Conv2d_4_1x1_32_Conv2D_Fold",
      "BoxPredictor_3_BoxEncodingPredictor_Conv2D_Fold",
      "BoxPredictor_3_ClassPredictor_Conv2D_Fold"
    ]
  },
  {
    "name": "BoxPredictor_2_Reshape",
    "operation": "reshape",
    "reshape_param": [
      -1,
      1,
      4
    ],
    "input_shape": [
      3,
      3,
      24
    ],
    "output_shape": [
      54,
      1,
      4
    ],
    "dtype": "int8",
    "log2scale": 4,
    "prev_layer": [
      "BoxPredictor_2_BoxEncodingPredictor_Conv2D_Fold"
    ],
    "next_layer": [
      "endpoint"
    ]
  },
  {
    "name": "BoxPredictor_2_Reshape_1",
    "operation": "reshape",
    "reshape_param": [
      -1,
      2
    ],
    "input_shape": [
      3,
      3,
      12
    ],
    "output_shape": [
      54,
      2
    ],
    "dtype": "int8",
    "log2scale": 1,
    "prev_layer": [
      "BoxPredictor_2_ClassPredictor_Conv2D_Fold"
    ],
    "next_layer": [
      "endpoint"
    ]
  },
  {
    "name": "FeatureExtractor_MobilenetV2_layer_19_1_Conv2d_4_1x1_32_Conv2D_Fold",
    "operation": "conv",
    "activation_type": "Relu6",
    "input_log2scale": 4,
    "weight_log2scale": 5,
    "bias_log2scale": 4,
    "output_log2scale": 4,
    "output_shift": 5,
    "bias_shift": 5,
    "load_bias": true,
    "input_channel_num": 64,
    "output_channel_num": 32,
    "input_size": {
      "height": 2,
      "width": 2
    },
    "padding": {
      "top": 0,
      "bottom": 0,
      "left": 0,
      "right": 0
    },
    "stride": {
      "height": 1,
      "width": 1
    },
    "kernel_size": {
      "height": 1,
      "width": 1
    },
    "output_size": {
      "height": 2,
      "width": 2
    },
    "input_dtype": "int8",
    "output_dtype": "int8",
    "weight_dtype": "int8",
    "bias_dtype": "int8",
    "prev_layer": [
      "FeatureExtractor_MobilenetV2_layer_19_2_Conv2d_3_3x3_s2_64_Conv2D_Fold"
    ],
    "next_layer": [
      "FeatureExtractor_MobilenetV2_layer_19_2_Conv2d_4_3x3_s2_64_Conv2D_Fold"
    ]
  },
  {
    "name": "BoxPredictor_3_BoxEncodingPredictor_Conv2D_Fold",
    "operation": "conv",
    "activation_type": "None",
    "input_log2scale": 4,
    "weight_log2scale": 8,
    "bias_log2scale": 5,
    "output_log2scale": 5,
    "output_shift": 7,
    "bias_shift": 7,
    "load_bias": true,
    "input_channel_num": 64,
    "output_channel_num": 24,
    "input_size": {
      "height": 2,
      "width": 2
    },
    "padding": {
      "top": 0,
      "bottom": 0,
      "left": 0,
      "right": 0
    },
    "stride": {
      "height": 1,
      "width": 1
    },
    "kernel_size": {
      "height": 1,
      "width": 1
    },
    "output_size": {
      "height": 2,
      "width": 2
    },
    "input_dtype": "int8",
    "output_dtype": "int8",
    "weight_dtype": "int8",
    "bias_dtype": "int8",
    "prev_layer": [
      "FeatureExtractor_MobilenetV2_layer_19_2_Conv2d_3_3x3_s2_64_Conv2D_Fold"
    ],
    "next_layer": [
      "BoxPredictor_3_Reshape"
    ]
  },
  {
    "name": "BoxPredictor_3_ClassPredictor_Conv2D_Fold",
    "operation": "conv",
    "activation_type": "None",
    "input_log2scale": 4,
    "weight_log2scale": 6,
    "bias_log2scale": 4,
    "output_log2scale": 2,
    "output_shift": 8,
    "bias_shift": 6,
    "load_bias": true,
    "input_channel_num": 64,
    "output_channel_num": 12,
    "input_size": {
      "height": 2,
      "width": 2
    },
    "padding": {
      "top": 0,
      "bottom": 0,
      "left": 0,
      "right": 0
    },
    "stride": {
      "height": 1,
      "width": 1
    },
    "kernel_size": {
      "height": 1,
      "width": 1
    },
    "output_size": {
      "height": 2,
      "width": 2
    },
    "input_dtype": "int8",
    "output_dtype": "int8",
    "weight_dtype": "int8",
    "bias_dtype": "int8",
    "prev_layer": [
      "FeatureExtractor_MobilenetV2_layer_19_2_Conv2d_3_3x3_s2_64_Conv2D_Fold"
    ],
    "next_layer": [
      "BoxPredictor_3_Reshape_1"
    ]
  },
  {
    "name": "FeatureExtractor_MobilenetV2_layer_19_2_Conv2d_4_3x3_s2_64_Conv2D_Fold",
    "operation": "conv",
    "activation_type": "Relu6",
    "input_log2scale": 4,
    "weight_log2scale": 7,
    "bias_log2scale": 5,
    "output_log2scale": 4,
    "output_shift": 7,
    "bias_shift": 6,
    "load_bias": true,
    "input_channel_num": 32,
    "output_channel_num": 64,
    "input_size": {
      "height": 2,
      "width": 2
    },
    "padding": {
      "top": 0,
      "bottom": 1,
      "left": 0,
      "right": 1
    },
    "stride": {
      "height": 2,
      "width": 2
    },
    "kernel_size": {
      "height": 3,
      "width": 3
    },
    "output_size": {
      "height": 1,
      "width": 1
    },
    "input_dtype": "int8",
    "output_dtype": "int8",
    "weight_dtype": "int8",
    "bias_dtype": "int8",
    "prev_layer": [
      "FeatureExtractor_MobilenetV2_layer_19_1_Conv2d_4_1x1_32_Conv2D_Fold"
    ],
    "next_layer": [
      "FeatureExtractor_MobilenetV2_layer_19_1_Conv2d_5_1x1_16_Conv2D_Fold",
      "BoxPredictor_4_BoxEncodingPredictor_Conv2D_Fold",
      "BoxPredictor_4_ClassPredictor_Conv2D_Fold"
    ]
  },
  {
    "name": "BoxPredictor_3_Reshape",
    "operation": "reshape",
    "reshape_param": [
      -1,
      1,
      4
    ],
    "input_shape": [
      2,
      2,
      24
    ],
    "output_shape": [
      24,
      1,
      4
    ],
    "dtype": "int8",
    "log2scale": 5,
    "prev_layer": [
      "BoxPredictor_3_BoxEncodingPredictor_Conv2D_Fold"
    ],
    "next_layer": [
      "endpoint"
    ]
  },
  {
    "name": "BoxPredictor_3_Reshape_1",
    "operation": "reshape",
    "reshape_param": [
      -1,
      2
    ],
    "input_shape": [
      2,
      2,
      12
    ],
    "output_shape": [
      24,
      2
    ],
    "dtype": "int8",
    "log2scale": 2,
    "prev_layer": [
      "BoxPredictor_3_ClassPredictor_Conv2D_Fold"
    ],
    "next_layer": [
      "endpoint"
    ]
  },
  {
    "name": "FeatureExtractor_MobilenetV2_layer_19_1_Conv2d_5_1x1_16_Conv2D_Fold",
    "operation": "conv",
    "activation_type": "Relu6",
    "input_log2scale": 4,
    "weight_log2scale": 8,
    "bias_log2scale": 5,
    "output_log2scale": 4,
    "output_shift": 8,
    "bias_shift": 7,
    "load_bias": true,
    "input_channel_num": 64,
    "output_channel_num": 16,
    "input_size": {
      "height": 1,
      "width": 1
    },
    "padding": {
      "top": 0,
      "bottom": 0,
      "left": 0,
      "right": 0
    },
    "stride": {
      "height": 1,
      "width": 1
    },
    "kernel_size": {
      "height": 1,
      "width": 1
    },
    "output_size": {
      "height": 1,
      "width": 1
    },
    "input_dtype": "int8",
    "output_dtype": "int8",
    "weight_dtype": "int8",
    "bias_dtype": "int8",
    "prev_layer": [
      "FeatureExtractor_MobilenetV2_layer_19_2_Conv2d_4_3x3_s2_64_Conv2D_Fold"
    ],
    "next_layer": [
      "FeatureExtractor_MobilenetV2_layer_19_2_Conv2d_5_3x3_s2_32_Conv2D_Fold"
    ]
  },
  {
    "name": "BoxPredictor_4_BoxEncodingPredictor_Conv2D_Fold",
    "operation": "conv",
    "activation_type": "None",
    "input_log2scale": 4,
    "weight_log2scale": 8,
    "bias_log2scale": 5,
    "output_log2scale": 4,
    "output_shift": 8,
    "bias_shift": 7,
    "load_bias": true,
    "input_channel_num": 64,
    "output_channel_num": 24,
    "input_size": {
      "height": 1,
      "width": 1
    },
    "padding": {
      "top": 0,
      "bottom": 0,
      "left": 0,
      "right": 0
    },
    "stride": {
      "height": 1,
      "width": 1
    },
    "kernel_size": {
      "height": 1,
      "width": 1
    },
    "output_size": {
      "height": 1,
      "width": 1
    },
    "input_dtype": "int8",
    "output_dtype": "int8",
    "weight_dtype": "int8",
    "bias_dtype": "int8",
    "prev_layer": [
      "FeatureExtractor_MobilenetV2_layer_19_2_Conv2d_4_3x3_s2_64_Conv2D_Fold"
    ],
    "next_layer": [
      "BoxPredictor_4_Reshape"
    ]
  },
  {
    "name": "BoxPredictor_4_ClassPredictor_Conv2D_Fold",
    "operation": "conv",
    "activation_type": "None",
    "input_log2scale": 4,
    "weight_log2scale": 7,
    "bias_log2scale": 4,
    "output_log2scale": 2,
    "output_shift": 9,
    "bias_shift": 7,
    "load_bias": true,
    "input_channel_num": 64,
    "output_channel_num": 12,
    "input_size": {
      "height": 1,
      "width": 1
    },
    "padding": {
      "top": 0,
      "bottom": 0,
      "left": 0,
      "right": 0
    },
    "stride": {
      "height": 1,
      "width": 1
    },
    "kernel_size": {
      "height": 1,
      "width": 1
    },
    "output_size": {
      "height": 1,
      "width": 1
    },
    "input_dtype": "int8",
    "output_dtype": "int8",
    "weight_dtype": "int8",
    "bias_dtype": "int8",
    "prev_layer": [
      "FeatureExtractor_MobilenetV2_layer_19_2_Conv2d_4_3x3_s2_64_Conv2D_Fold"
    ],
    "next_layer": [
      "BoxPredictor_4_Reshape_1"
    ]
  },
  {
    "name": "FeatureExtractor_MobilenetV2_layer_19_2_Conv2d_5_3x3_s2_32_Conv2D_Fold",
    "operation": "conv",
    "activation_type": "Relu6",
    "input_log2scale": 4,
    "weight_log2scale": 7,
    "bias_log2scale": 5,
    "output_log2scale": 4,
    "output_shift": 7,
    "bias_shift": 6,
    "load_bias": true,
    "input_channel_num": 16,
    "output_channel_num": 32,
    "input_size": {
      "height": 1,
      "width": 1
    },
    "padding": {
      "top": 1,
      "bottom": 1,
      "left": 1,
      "right": 1
    },
    "stride": {
      "height": 2,
      "width": 2
    },
    "kernel_size": {
      "height": 3,
      "width": 3
    },
    "output_size": {
      "height": 1,
      "width": 1
    },
    "input_dtype": "int8",
    "output_dtype": "int8",
    "weight_dtype": "int8",
    "bias_dtype": "int8",
    "prev_layer": [
      "FeatureExtractor_MobilenetV2_layer_19_1_Conv2d_5_1x1_16_Conv2D_Fold"
    ],
    "next_layer": [
      "BoxPredictor_5_BoxEncodingPredictor_Conv2D_Fold",
      "BoxPredictor_5_ClassPredictor_Conv2D_Fold"
    ]
  },
  {
    "name": "BoxPredictor_4_Reshape",
    "operation": "reshape",
    "reshape_param": [
      -1,
      1,
      4
    ],
    "input_shape": [
      1,
      1,
      24
    ],
    "output_shape": [
      6,
      1,
      4
    ],
    "dtype": "int8",
    "log2scale": 4,
    "prev_layer": [
      "BoxPredictor_4_BoxEncodingPredictor_Conv2D_Fold"
    ],
    "next_layer": [
      "endpoint"
    ]
  },
  {
    "name": "BoxPredictor_4_Reshape_1",
    "operation": "reshape",
    "reshape_param": [
      -1,
      2
    ],
    "input_shape": [
      1,
      1,
      12
    ],
    "output_shape": [
      6,
      2
    ],
    "dtype": "int8",
    "log2scale": 2,
    "prev_layer": [
      "BoxPredictor_4_ClassPredictor_Conv2D_Fold"
    ],
    "next_layer": [
      "endpoint"
    ]
  },
  {
    "name": "BoxPredictor_5_BoxEncodingPredictor_Conv2D_Fold",
    "operation": "conv",
    "activation_type": "None",
    "input_log2scale": 4,
    "weight_log2scale": 7,
    "bias_log2scale": 5,
    "output_log2scale": 5,
    "output_shift": 6,
    "bias_shift": 6,
    "load_bias": true,
    "input_channel_num": 32,
    "output_channel_num": 24,
    "input_size": {
      "height": 1,
      "width": 1
    },
    "padding": {
      "top": 0,
      "bottom": 0,
      "left": 0,
      "right": 0
    },
    "stride": {
      "height": 1,
      "width": 1
    },
    "kernel_size": {
      "height": 1,
      "width": 1
    },
    "output_size": {
      "height": 1,
      "width": 1
    },
    "input_dtype": "int8",
    "output_dtype": "int8",
    "weight_dtype": "int8",
    "bias_dtype": "int8",
    "prev_layer": [
      "FeatureExtractor_MobilenetV2_layer_19_2_Conv2d_5_3x3_s2_32_Conv2D_Fold"
    ],
    "next_layer": [
      "BoxPredictor_5_Reshape"
    ]
  },
  {
    "name": "BoxPredictor_5_ClassPredictor_Conv2D_Fold",
    "operation": "conv",
    "activation_type": "None",
    "input_log2scale": 4,
    "weight_log2scale": 6,
    "bias_log2scale": 4,
    "output_log2scale": 2,
    "output_shift": 8,
    "bias_shift": 6,
    "load_bias": true,
    "input_channel_num": 32,
    "output_channel_num": 12,
    "input_size": {
      "height": 1,
      "width": 1
    },
    "padding": {
      "top": 0,
      "bottom": 0,
      "left": 0,
      "right": 0
    },
    "stride": {
      "height": 1,
      "width": 1
    },
    "kernel_size": {
      "height": 1,
      "width": 1
    },
    "output_size": {
      "height": 1,
      "width": 1
    },
    "input_dtype": "int8",
    "output_dtype": "int8",
    "weight_dtype": "int8",
    "bias_dtype": "int8",
    "prev_layer": [
      "FeatureExtractor_MobilenetV2_layer_19_2_Conv2d_5_3x3_s2_32_Conv2D_Fold"
    ],
    "next_layer": [
      "BoxPredictor_5_Reshape_1"
    ]
  },
  {
    "name": "BoxPredictor_5_Reshape",
    "operation": "reshape",
    "reshape_param": [
      -1,
      1,
      4
    ],
    "input_shape": [
      1,
      1,
      24
    ],
    "output_shape": [
      6,
      1,
      4
    ],
    "dtype": "int8",
    "log2scale": 5,
    "prev_layer": [
      "BoxPredictor_5_BoxEncodingPredictor_Conv2D_Fold"
    ],
    "next_layer": [
      "endpoint"
    ]
  },
  {
    "name": "BoxPredictor_5_Reshape_1",
    "operation": "reshape",
    "reshape_param": [
      -1,
      2
    ],
    "input_shape": [
      1,
      1,
      12
    ],
    "output_shape": [
      6,
      2
    ],
    "dtype": "int8",
    "log2scale": 2,
    "prev_layer": [
      "BoxPredictor_5_ClassPredictor_Conv2D_Fold"
    ],
    "next_layer": [
      "endpoint"
    ]
  }
]